canonical_type,freq_tar,range_tar,likelihood,effect,type,word,category,subcategory
aa,3840,682,54.856,0,aa,AA,NOUNS,NOUN.COMMUNICATION
aaah,1598,494,22.828,0,aaah,,,
aaahhh,2419,242,34.556,0,aaahhh,,,
aboutn,4795,685,68.499,0,aboutn,,,
abs,2981,566,42.585,0,abs,,,
abt,21268,709,303.835,0,abt,,,
abusing,2415,621,34.499,0,abusing,,,
accent,7601,702,108.584,0,accent,ACCENT,NOUNS,NOUN.COMMUNICATION
accountn,2200,578,31.428,0,accountn,,,
accounts,4888,695,69.827,0,accounts,,,
ackerman,2725,195,38.928,0,ackerman,,,
actions,1962,590,28.028,0,actions,,,
activen,2441,576,34.871,0,activen,,,
acts,2120,631,30.285,0,acts,ACTS,NOUNS,NOUN.COMMUNICATION
actuallyn,3947,675,56.385,0,actuallyn,,,
adan,1951,72,27.871,0,adan,,,
adding,3822,687,54.599,0,adding,,,
adios,1671,560,23.871,0,adios,ADIOS,NOUNS,NOUN.COMMUNICATION
admin,24898,722,355.696,0,admin,,,
adminn,1917,515,27.385,0,adminn,,,
admins,5443,689,77.756,0,admins,,,
ads,5398,698,77.113,0,ads,,,
adults,2000,591,28.571,0,adults,,,
advice,7671,716,109.584,0,advice,ADVICE,NOUNS,NOUN.COMMUNICATION
af,17666,724,252.374,0,af,,,
afk,46923,720,670.382,0,afk,,,
afkn,2292,496,32.742,0,afkn,,,
afn,4314,646,61.627,0,afn,,,
afternoon,6295,706,89.927,0,afternoon,AFTERNOON,NOUNS,NOUN.COMMUNICATION
afton,1973,93,28.185,0,afton,,,
againn,18467,725,263.818,0,againn,,,
agen,2672,618,38.171,0,agen,,,
agent,1741,491,24.871,0,agent,AGENT,NOUNS,NOUN.COMMUNICATION
ages,4882,700,69.742,0,ages,,,
agreen,1928,589,27.542,0,agreen,,,
ah,86048,731,1229.466,0.001,ah,,,
aha,5533,698,79.042,0,aha,,,
ahem,3333,641,47.613,0,ahem,,,
ahh,20111,727,287.305,0,ahh,,,
ahhh,15256,724,217.944,0,ahhh,,,
ahhhn,2289,621,32.699,0,ahhhn,,,
ahhn,1645,547,23.499,0,ahhn,,,
ahn,6186,684,88.37,0,ahn,,,
aiden,1658,155,23.685,0,aiden,,,
aight,35378,726,505.427,0,aight,,,
aightn,2630,611,37.571,0,aightn,,,
aika,2379,60,33.985,0,aika,,,
aint,33746,727,482.109,0,aint,,,
aka,5990,700,85.57,0,aka,,,
akame,1939,388,27.699,0,akame,,,
aki,8218,340,117.399,0,aki,,,
akira,2406,313,34.371,0,akira,,,
alabama,2104,597,30.056,0,alabama,ALABAMA,NOUNS,NOUN.COMMUNICATION
alex,12210,663,174.428,0,alex,,,
alexa,3280,511,46.856,0,alexa,,,
alice,4891,487,69.87,0,alice,,,
alicia,2630,114,37.571,0,alicia,,,
aliens,1962,547,28.028,0,aliens,,,
aliven,3295,653,47.07,0,aliven,,,
allan,2355,90,33.642,0,allan,,,
alln,11477,717,163.957,0,alln,,,
allowed,34215,728,488.81,0,allowed,,,
alonen,3202,655,45.742,0,alonen,,,
alot,17836,729,254.803,0,alot,,,
alr,14277,686,203.958,0,alr,,,
alreadyn,3438,660,49.113,0,alreadyn,,,
alrightn,5273,686,75.327,0,alrightn,,,
alrighty,3717,624,53.099,0,alrighty,,,
alson,3633,652,51.899,0,alson,,,
alts,2981,623,42.585,0,alts,,,
aly,3092,174,44.17,0,aly,,,
alyssa,5012,199,71.599,0,alyssa,,,
ama,2451,352,35.013,0,ama,,,
amazingn,3205,652,45.785,0,amazingn,,,
amd,1714,572,24.485,0,amd,,,
ame,3374,393,48.199,0,ame,,,
americans,4771,675,68.156,0,americans,,,
amn,14056,721,200.801,0,amn,,,
among,24640,662,352.01,0,among,,,
amy,3981,391,56.87,0,amy,,,
andn,3822,684,54.599,0,andn,,,
andy,4615,308,65.927,0,andy,,,
angels,1609,488,22.985,0,angels,,,
angie,29492,275,421.331,0,angie,,,
animals,6123,698,87.47,0,animals,,,
animen,8600,691,122.856,0,animen,,,
animes,7086,676,101.227,0,animes,,,
anne,2310,313,32.999,0,anne,,,
annie,1952,404,27.885,0,annie,,,
announcement,2277,568,32.528,0,announcement,ANNOUNCEMENT,NOUNS,NOUN.COMMUNICATION
announcements,2464,453,35.199,0,announcements,,,
annoyingn,2332,599,33.313,0,annoyingn,,,
answered,2851,685,40.728,0,answered,,,
answers,2987,689,42.67,0,answers,,,
antidepressants,2645,115,37.785,0,antidepressants,,,
anybody,18857,725,269.39,0,anybody,,,
anymoren,6802,707,97.17,0,anymoren,,,
anyone,210212,732,3004.405,0.002,anyone,,,
anyonen,2174,610,31.056,0,anyonen,,,
anythingn,5108,697,72.97,0,anythingn,,,
anytime,4761,699,68.013,0,anytime,,,
anywayn,3992,667,57.027,0,anywayn,,,
anyways,39199,727,560.02,0,anyways,,,
anywaysn,5246,706,74.942,0,anywaysn,,,
ao,3210,657,45.856,0,ao,,,
aot,5113,548,73.042,0,aot,,,
ap,2045,576,29.214,0,ap,,,
app,12717,723,181.671,0,app,,,
appeared,1573,510,22.471,0,appeared,,,
appears,1668,557,23.828,0,appears,,,
apples,7299,596,104.27,0,apples,,,
applications,3952,581,56.456,0,applications,,,
applying,1755,513,25.071,0,applying,,,
apps,6115,661,87.356,0,apps,,,
arcy,2446,64,34.942,0,arcy,,,
arent,31399,729,448.577,0,arent,,,
arguing,4854,705,69.342,0,arguing,ARGUING,NOUNS,NOUN.COMMUNICATION
ari,5583,428,79.756,0,ari,,,
ariel,2017,153,28.814,0,ariel,,,
aroundn,1823,572,26.042,0,aroundn,,,
arrived,2096,604,29.942,0,arrived,,,
artists,1985,568,28.356,0,artists,,,
asagao,16642,96,237.745,0,asagao,,,
asf,9549,701,136.413,0,asf,,,
asfn,2654,547,37.913,0,asfn,,,
ashley,1940,304,27.714,0,ashley,,,
asians,2885,610,41.213,0,asians,,,
asked,38707,729,552.991,0,asked,,,
askingn,2464,587,35.199,0,askingn,,,
askn,2270,626,32.428,0,askn,,,
asks,3680,693,52.57,0,asks,,,
asleepn,2124,589,30.342,0,asleepn,,,
asmr,4651,644,66.442,0,asmr,,,
assignments,2361,547,33.728,0,assignments,,,
asta,2620,281,37.428,0,asta,,,
astolfo,2219,390,31.699,0,astolfo,,,
astro,2651,257,37.871,0,astro,,,
aswell,4937,696,70.527,0,aswell,,,
atleast,10802,726,154.314,0,atleast,,,
atn,2852,650,40.742,0,atn,,,
attacked,2344,640,33.485,0,attacked,,,
attentionn,1603,514,22.899,0,attentionn,,,
attracted,2386,604,34.085,0,attracted,,,
aubrey,83599,68,1194.468,0.001,aubrey,,,
autocorrect,3425,679,48.928,0,autocorrect,,,
aux,3264,147,46.628,0,aux,,,
ava,4042,296,57.742,0,ava,,,
ave,5724,366,81.77,0,ave,,,
avn,2932,390,41.885,0,avn,,,
aw,20347,724,290.677,0,aw,,,
awayn,4873,696,69.613,0,awayn,,,
awesomen,1859,541,26.556,0,awesomen,,,
awh,4736,645,67.656,0,awh,,,
aww,22977,722,328.251,0,aww,,,
awwn,2327,559,33.242,0,awwn,,,
awww,9993,700,142.756,0,awww,,,
axel,10700,131,152.856,0,axel,,,
ay,13478,721,192.543,0,ay,,,
aya,2431,238,34.728,0,aya,,,
aye,17546,724,250.66,0,aye,,,
ayee,1770,500,25.285,0,ayee,,,
ayeee,2837,579,40.528,0,ayeee,,,
ayo,22297,688,318.536,0,ayo,,,
ayy,7685,694,109.784,0,ayy,,,
ayyy,7245,690,103.499,0,ayyy,,,
ba,4750,690,67.856,0,ba,BA,NOUNS,NOUN.COMMUNICATION
babies,4872,697,69.599,0,babies,,,
babyn,3438,628,49.113,0,babyn,,,
bacc,2474,545,35.342,0,bacc,,,
backn,19766,724,282.376,0,backn,,,
badn,13297,723,189.957,0,badn,,,
bae,3197,623,45.67,0,bae,,,
bah,1624,269,23.199,0,bah,,,
bai,12479,648,178.271,0,bai,BAI,NOUNS,NOUN.COMMUNICATION
baii,3740,363,53.427,0,baii,,,
baka,9967,631,142.385,0,baka,,,
bal,5356,484,76.513,0,bal,,,
balls,5128,668,73.256,0,balls,,,
bam,3363,626,48.042,0,bam,,,
ban,119021,723,1700.72,0.001,ban,BAN,NOUNS,NOUN.COMMUNICATION
bana,1886,133,26.942,0,bana,,,
bananas,2453,556,35.042,0,bananas,,,
bann,4835,658,69.07,0,bann,,,
bannedn,5596,681,79.942,0,bannedn,,,
banning,4512,687,64.456,0,banning,BANNING,NOUNS,NOUN.COMMUNICATION
bans,3043,626,43.47,0,bans,,,
barbie,7383,525,105.47,0,barbie,,,
bbg,2953,435,42.185,0,bbg,,,
bbn,2883,535,41.185,0,bbn,,,
bby,5799,644,82.842,0,bby,,,
bcs,2844,528,40.628,0,bcs,,,
bcuz,1851,477,26.442,0,bcuz,,,
bday,14088,717,201.258,0,bday,,,
beans,7792,680,111.313,0,beans,,,
bears,1713,548,24.471,0,bears,,,
beautifuln,1646,537,23.514,0,beautifuln,,,
became,8080,721,115.427,0,became,,,
becausen,1845,585,26.356,0,becausen,,,
becky,2123,155,30.328,0,becky,,,
becomes,3538,681,50.542,0,becomes,,,
bedn,4229,670,60.413,0,bedn,,,
bees,1976,507,28.228,0,bees,,,
beforen,4669,684,66.699,0,beforen,,,
begging,4746,672,67.799,0,begging,BEGGING,NOUNS,NOUN.COMMUNICATION
bein,1700,566,24.285,0,bein,,,
bella,4206,422,60.085,0,bella,,,
bestie,3787,595,54.099,0,bestie,,,
bestn,4568,677,65.256,0,bestn,,,
betn,4309,652,61.556,0,betn,,,
bettern,8922,716,127.456,0,bettern,,,
bf,17219,721,245.988,0,bf,,,
bff,1825,506,26.071,0,bff,,,
bible,3624,631,51.77,0,bible,BIBLE,NOUNS,NOUN.COMMUNICATION
biden,3913,382,55.899,0,biden,,,
bieber,2087,414,29.814,0,bieber,,,
billie,2454,529,35.056,0,billie,,,
bio,4050,676,57.856,0,bio,,,
birb,2748,412,39.256,0,birb,,,
birds,3537,640,50.528,0,birds,,,
birthdayn,1963,564,28.042,0,birthdayn,,,
bish,3492,602,49.885,0,bish,,,
bites,2025,585,28.928,0,bites,,,
bitn,2980,650,42.57,0,bitn,,,
blacklisted,2238,478,31.971,0,blacklisted,,,
blackn,2221,552,31.728,0,blackn,,,
blah,1774,442,25.342,0,blah,BLAH,NOUNS,NOUN.COMMUNICATION
bleh,1740,430,24.857,0,bleh,,,
blo,2184,92,31.199,0,blo,,,
blocks,1997,595,28.528,0,blocks,,,
bluen,1955,569,27.928,0,bluen,,,
blyat,2119,394,30.271,0,blyat,,,
bn,9571,717,136.728,0,bn,,,
bo,4925,697,70.356,0,bo,,,
boba,6618,525,94.542,0,boba,,,
bodies,1572,569,22.457,0,bodies,,,
boi,25292,724,361.325,0,boi,,,
boin,3684,628,52.627,0,boin,,,
bois,6512,684,93.027,0,bois,,,
boku,4521,607,64.584,0,boku,,,
bombs,2704,499,38.628,0,bombs,,,
bon,1840,515,26.285,0,bon,,,
bonjour,1666,509,23.799,0,bonjour,,,
boo,5426,684,77.513,0,boo,BOO,NOUNS,NOUN.COMMUNICATION
books,5549,690,79.27,0,books,,,
booli,3664,383,52.342,0,booli,,,
boop,18680,632,266.861,0,boop,,,
boosted,4266,633,60.942,0,boosted,,,
boosting,3801,592,54.299,0,boosting,,,
boosts,3776,579,53.942,0,boosts,,,
boots,1745,540,24.928,0,boots,,,
bop,2084,600,29.771,0,bop,BOP,NOUNS,NOUN.COMMUNICATION
bor,1882,242,26.885,0,bor,,,
boredn,6565,702,93.784,0,boredn,,,
boringn,2237,605,31.956,0,boringn,,,
boruto,2690,476,38.428,0,boruto,,,
botcommands,3101,133,44.299,0,botcommands,,,
bothering,2008,599,28.685,0,bothering,,,
bothn,1893,589,27.042,0,bothn,,,
botn,5184,691,74.056,0,botn,,,
bots,22576,722,322.522,0,bots,,,
botsn,1688,488,24.114,0,botsn,,,
bought,17638,723,251.974,0,bought,,,
bouta,1946,570,27.799,0,bouta,,,
boutta,3410,640,48.713,0,boutta,,,
boyn,5193,689,74.184,0,boyn,,,
boys,18850,724,269.29,0,boys,,,
boysn,1826,554,26.085,0,boysn,,,
brainn,1837,565,26.242,0,brainn,,,
brandon,3051,270,43.585,0,brandon,,,
brawlhalla,1610,401,22.999,0,brawlhalla,,,
brb,16377,719,233.959,0,brb,,,
brbn,2532,630,36.171,0,brbn,,,
breadn,10545,515,150.642,0,breadn,,,
breaks,4319,686,61.699,0,breaks,,,
breh,2364,469,33.771,0,breh,,,
bri,8093,540,115.613,0,bri,,,
brian,2057,452,29.385,0,brian,,,
brings,2517,637,35.956,0,brings,,,
bro,155418,730,2220.993,0.001,bro,,,
bron,16908,718,241.545,0,bron,,,
brooo,2963,636,42.328,0,brooo,,,
bros,3784,665,54.056,0,bros,,,
brothern,2201,580,31.442,0,brothern,,,
brothers,5209,706,74.413,0,brothers,,,
brought,5118,700,73.113,0,brought,,,
browser,1935,551,27.642,0,browser,BROWSER,NOUNS,NOUN.COMMUNICATION
brrr,4166,489,59.513,0,brrr,,,
bru,3620,636,51.713,0,bru,,,
bruh,206923,2019,2957.058,0.002,bruh,,,
bruhh,3056,606,43.656,0,bruhh,,,
bruhhh,3768,643,53.827,0,bruhhh,,,
bruv,6350,688,90.713,0,bruv,,,
bs,3327,679,47.528,0,bs,BS,NOUNS,NOUN.COMMUNICATION
bts,4589,635,65.556,0,bts,,,
btw,56345,729,805.01,0.001,btw,,,
btwn,5864,696,83.77,0,btwn,,,
bu,1679,587,23.985,0,bu,,,
bubbles,3000,395,42.856,0,bubbles,,,
bucks,4153,676,59.327,0,bucks,,,
bugs,2744,621,39.199,0,bugs,,,
bullies,1860,594,26.571,0,bullies,,,
bunnie,7181,91,102.584,0,bunnie,,,
burger,7037,704,100.527,0,burger,,,
burgers,1702,549,24.314,0,burgers,,,
butn,10332,716,147.599,0,butn,,,
buttons,1773,404,25.328,0,buttons,,,
bye,96393,730,1377.31,0.001,bye,BYE,NOUNS,NOUN.COMMUNICATION
byebye,2430,543,34.713,0,byebye,,,
byee,3875,634,55.356,0,byee,,,
byeee,4749,663,67.842,0,byeee,,,
byen,8238,714,117.685,0,byen,,,
bypassing,2282,372,32.599,0,bypassing,,,
caleb,1675,162,23.928,0,caleb,,,
calin,1684,197,24.057,0,calin,,,
calls,11001,724,157.157,0,calls,,,
came,38801,732,554.334,0,came,,,
cancel,3099,664,44.27,0,cancel,CANCEL,NOUNS,NOUN.COMMUNICATION
cann,4751,700,67.87,0,cann,,,
cannot,11958,723,170.828,0,cannot,,,
cantn,3328,679,47.542,0,cantn,,,
capn,3315,550,47.356,0,capn,,,
caps,8852,708,126.456,0,caps,,,
caren,2974,652,42.485,0,caren,,,
cares,11721,724,167.443,0,cares,,,
carl,3215,511,45.928,0,carl,,,
carn,1952,577,27.885,0,carn,,,
cars,5364,702,76.627,0,cars,,,
cartoon,2557,633,36.528,0,cartoon,CARTOON,NOUNS,NOUN.COMMUNICATION
cases,3369,620,48.128,0,cases,,,
catn,4804,679,68.627,0,catn,,,
cats,16683,722,238.331,0,cats,,,
catto,3045,341,43.499,0,catto,,,
caught,8579,724,122.556,0,caught,,,
caused,2094,600,29.914,0,caused,,,
cawaii,3757,52,53.67,0,cawaii,,,
cb,1793,224,25.614,0,cb,,,
cells,3736,684,53.37,0,cells,,,
ch,3136,623,44.799,0,ch,,,
cha,5878,549,83.97,0,cha,,,
chad,5111,626,73.013,0,chad,CHAD,NOUNS,NOUN.COMMUNICATION
challenge,6658,696,95.113,0,challenge,CHALLENGE,NOUNS,NOUN.COMMUNICATION
chan,24528,697,350.41,0,chan,,,
chances,2545,632,36.356,0,chances,,,
changes,4766,697,68.084,0,changes,,,
chann,1846,456,26.371,0,chann,,,
channeln,3431,627,49.013,0,channeln,,,
channels,9402,709,134.313,0,channels,CHANNELS,NOUNS,NOUN.COMMUNICATION
chapter,3212,627,45.885,0,chapter,CHAPTER,NOUNS,NOUN.COMMUNICATION
characters,9618,712,137.399,0,characters,,,
charlie,1830,484,26.142,0,charlie,,,
chas,1746,54,24.942,0,chas,,,
chatn,12977,722,185.386,0,chatn,,,
chats,7187,711,102.67,0,chats,,,
chatting,8046,706,114.942,0,chatting,,,
cheated,3866,683,55.227,0,cheated,,,
checking,3862,697,55.17,0,checking,,,
cheeks,2683,600,38.328,0,cheeks,,,
cheeto,1793,338,25.614,0,cheeto,,,
chem,1752,476,25.028,0,chem,,,
chi,5005,502,71.499,0,chi,CHI,NOUNS,NOUN.COMMUNICATION
chibi,1581,283,22.585,0,chibi,,,
chickens,1655,518,23.642,0,chickens,,,
chika,2216,406,31.656,0,chika,,,
childn,2912,594,41.599,0,childn,,,
children,13982,723,199.743,0,children,,,
chillin,4609,664,65.842,0,chillin,,,
chilln,3432,632,49.028,0,chilln,,,
ching,1667,444,23.814,0,ching,,,
chips,5646,696,80.656,0,chips,,,
chloe,2373,313,33.899,0,chloe,,,
choccy,6707,374,95.813,0,choccy,,,
choco,2892,513,41.313,0,choco,,,
chose,4230,708,60.427,0,chose,,,
chris,12128,623,173.257,0,chris,,,
chu,15128,634,216.116,0,chu,,,
claimed,2624,612,37.485,0,claimed,,,
claire,2735,176,39.071,0,claire,,,
classes,12268,723,175.257,0,classes,,,
classn,3884,643,55.485,0,classn,,,
clicked,3455,657,49.356,0,clicked,,,
clicking,1668,571,23.828,0,clicking,,,
clue,4654,696,66.484,0,clue,CLUE,NOUNS,NOUN.COMMUNICATION
cmon,5953,707,85.042,0,cmon,,,
cn,17359,722,247.988,0,cn,,,
code,18661,723,266.589,0,code,CODE,NOUNS,NOUN.COMMUNICATION
codes,2298,561,32.828,0,codes,,,
coffeen,1786,496,25.514,0,coffeen,,,
coins,4437,565,63.385,0,coins,,,
coldn,2012,588,28.742,0,coldn,,,
colin,2624,123,37.485,0,colin,,,
colorn,1747,549,24.957,0,colorn,,,
com,5600,696,79.999,0,com,,,
comedy,2883,631,41.185,0,comedy,COMEDY,NOUNS,NOUN.COMMUNICATION
comes,20099,731,287.134,0,comes,,,
commands,18404,719,262.918,0,commands,,,
commandsn,1571,474,22.442,0,commandsn,,,
comment,5339,708,76.27,0,comment,COMMENT,NOUNS,NOUN.COMMUNICATION
comments,2377,633,33.956,0,comments,,,
como,2383,606,34.042,0,como,,,
comp,2005,549,28.642,0,comp,,,
compared,4031,692,57.585,0,compared,,,
compliment,3612,674,51.599,0,compliment,COMPLIMENT,NOUNS,NOUN.COMMUNICATION
concert,2105,559,30.071,0,concert,CONCERT,NOUNS,NOUN.COMMUNICATION
confusedn,3195,644,45.642,0,confusedn,,,
congrats,23718,720,338.837,0,congrats,,,
congratulations,5344,659,76.342,0,congratulations,CONGRATULATIONS,NOUNS,NOUN.COMMUNICATION
connor,3236,326,46.228,0,connor,,,
consent,3676,638,52.513,0,consent,CONSENT,NOUNS,NOUN.COMMUNICATION
considering,4083,662,58.327,0,considering,,,
context,4238,687,60.542,0,context,CONTEXT,NOUNS,NOUN.COMMUNICATION
conversation,10476,722,149.656,0,conversation,CONVERSATION,NOUNS,NOUN.COMMUNICATION
conversations,2108,595,30.114,0,conversations,,,
convo,7209,708,102.984,0,convo,,,
coochie,1981,390,28.299,0,coochie,,,
cookie,19953,718,285.048,0,cookie,COOKIE,NOUNS,NOUN.COMMUNICATION
cookies,10993,707,157.042,0,cookies,,,
cooldown,2480,520,35.428,0,cooldown,,,
coolest,2017,546,28.814,0,coolest,,,
cooln,13088,721,186.972,0,cooln,,,
cops,2749,635,39.271,0,cops,,,
coronavirus,2542,337,36.313,0,coronavirus,,,
cosplay,3845,595,54.927,0,cosplay,,,
could,114800,732,1640.389,0.001,could,,,
couldnt,11068,724,158.114,0,couldnt,,,
couldve,2278,628,32.542,0,couldve,,,
countries,4708,681,67.256,0,countries,,,
countryn,1997,552,28.528,0,countryn,,,
counts,3090,684,44.142,0,counts,,,
cousins,2344,623,33.485,0,cousins,,,
covid,9388,550,134.113,0,covid,,,
coz,8186,663,116.942,0,coz,,,
crashed,2481,641,35.442,0,crashed,,,
crazyn,1763,578,25.185,0,crazyn,,,
created,6123,714,87.47,0,created,,,
creating,1731,577,24.728,0,creating,,,
credits,3365,537,48.07,0,credits,CREDITS,NOUNS,NOUN.COMMUNICATION
cri,3397,637,48.528,0,cri,,,
cried,4768,693,68.113,0,cried,,,
cries,3002,637,42.885,0,cries,,,
cringen,2909,583,41.556,0,cringen,,,
cringy,1687,558,24.099,0,cringy,,,
crit,1880,193,26.856,0,crit,,,
croc,2291,149,32.728,0,croc,,,
crunchyroll,1959,524,27.985,0,crunchyroll,,,
cry,34923,730,498.926,0,cry,CRY,NOUNS,NOUN.COMMUNICATION
cryingn,1884,573,26.914,0,cryingn,,,
cryn,4812,679,68.742,0,cryn,,,
csgo,5406,639,77.227,0,csgo,,,
cuddles,4765,576,68.07,0,cuddles,,,
curse,4670,686,66.713,0,curse,CURSE,NOUNS,NOUN.COMMUNICATION
cus,9433,688,134.756,0,cus,,,
cuss,2204,578,31.485,0,cuss,CUSS,NOUNS,NOUN.COMMUNICATION
cuten,12748,707,182.114,0,cuten,,,
cuter,3239,643,46.27,0,cuter,,,
cutest,3621,648,51.727,0,cutest,,,
cutie,23821,707,340.309,0,cutie,,,
cutien,3408,559,48.685,0,cutien,,,
cuties,5871,634,83.87,0,cuties,,,
cuz,77600,733,1108.738,0.001,cuz,,,
cy,2107,403,30.099,0,cy,,,
cya,29685,719,424.088,0,cya,,,
cyberpunk,1639,362,23.414,0,cyberpunk,CYBERPUNK,NOUNS,NOUN.COMMUNICATION
dabi,2038,243,29.114,0,dabi,,,
daddyn,4312,586,61.599,0,daddyn,,,
dadn,5894,678,84.199,0,dadn,,,
dads,3876,674,55.37,0,dads,,,
dae,4573,171,65.327,0,dae,,,
dakota,1782,135,25.457,0,dakota,DAKOTA,NOUNS,NOUN.COMMUNICATION
damm,2787,550,39.813,0,damm,,,
damnit,2104,575,30.056,0,damnit,,,
damnn,9671,713,138.156,0,damnn,,,
damnnn,2242,567,32.028,0,damnnn,,,
dan,9348,645,133.542,0,dan,,,
dang,20076,724,286.805,0,dang,,,
danganronpa,1842,448,26.314,0,danganronpa,,,
dangn,2336,589,33.371,0,dangn,,,
dani,7810,267,111.57,0,dani,,,
daniel,9491,453,135.585,0,daniel,DANIEL,NOUNS,NOUN.COMMUNICATION
danni,2131,75,30.442,0,danni,,,
danny,4059,491,57.985,0,danny,,,
daph,3560,65,50.856,0,daph,,,
dare,10958,718,156.542,0,dare,DARE,NOUNS,NOUN.COMMUNICATION
daten,1878,499,26.828,0,daten,,,
dates,1578,560,22.542,0,dates,,,
dats,2334,534,33.342,0,dats,,,
dawg,3006,594,42.942,0,dawg,,,
dayn,12074,720,172.485,0,dayn,,,
daysn,5352,690,76.456,0,daysn,,,
dayum,1791,538,25.585,0,dayum,,,
dazai,3038,263,43.399,0,dazai,,,
deadass,5199,599,74.27,0,deadass,,,
deadn,8170,712,116.713,0,deadn,,,
deathn,1656,530,23.657,0,deathn,,,
debate,3396,612,48.513,0,debate,DEBATE,NOUNS,NOUN.COMMUNICATION
ded,20521,721,293.163,0,ded,DED,NOUNS,NOUN.COMMUNICATION
dedn,3214,616,45.913,0,dedn,,,
dee,4346,482,62.085,0,dee,,,
deeper,1604,539,22.914,0,deeper,,,
def,4546,685,64.942,0,def,,,
degrees,2476,610,35.371,0,degrees,,,
deja,2649,400,37.842,0,deja,,,
deku,7830,541,111.856,0,deku,,,
deleted,20967,729,299.534,0,deleted,,,
deletedchannel,22411,596,320.164,0,deletedchannel,,,
deletedchanneln,2895,420,41.356,0,deletedchanneln,,,
deleting,3490,691,49.856,0,deleting,,,
dem,4231,624,60.442,0,dem,,,
demons,2292,625,32.742,0,demons,,,
demoted,6307,630,90.099,0,demoted,,,
denied,1634,541,23.342,0,denied,,,
dennis,9791,113,139.871,0,dennis,,,
deno,1803,56,25.756,0,deno,,,
depending,2923,641,41.756,0,depending,,,
depends,14570,723,208.144,0,depends,,,
der,2015,507,28.785,0,der,,,
deserves,2752,670,39.313,0,deserves,,,
desu,3449,450,49.27,0,desu,,,
details,1762,578,25.171,0,details,DETAILS,NOUNS,NOUN.COMMUNICATION
deus,3662,191,52.313,0,deus,,,
dev,8232,566,117.599,0,dev,,,
devil,9980,705,142.571,0,devil,DEVIL,NOUNS,NOUN.COMMUNICATION
devs,1807,401,25.814,0,devs,,,
dez,8868,84,126.685,0,dez,,,
di,3670,682,52.427,0,di,,,
diamonds,2488,545,35.542,0,diamonds,,,
didnt,120995,732,1728.934,0.001,didnt,,,
didntn,1571,573,22.442,0,didntn,,,
died,27966,728,399.528,0,died,,,
diedn,3295,666,47.07,0,diedn,,,
diego,2572,335,36.742,0,diego,,,
dien,4756,684,67.942,0,dien,,,
dies,7543,719,107.756,0,dies,,,
diff,4427,698,63.242,0,diff,,,
differentn,1927,559,27.528,0,differentn,,,
dino,7628,584,108.97,0,dino,,,
dio,6492,606,92.742,0,dio,,,
discordn,6744,695,96.342,0,discordn,,,
discussion,2070,576,29.571,0,discussion,DISCUSSION,NOUNS,NOUN.COMMUNICATION
dishes,2625,601,37.499,0,dishes,,,
dk,1832,592,26.171,0,dk,,,
dmed,4221,694,60.299,0,dmed,,,
dming,3004,663,42.913,0,dming,,,
dmn,1992,584,28.456,0,dmn,,,
dms,45816,729,654.565,0,dms,,,
dmsn,5345,688,76.356,0,dmsn,,,
dn,72623,730,1037.616,0.001,dn,,,
dni,2143,598,30.614,0,dni,,,
doctors,1957,563,27.956,0,doctors,,,
doen,2938,563,41.97,0,doen,,,
doesnt,61871,731,883.972,0.001,doesnt,,,
dogn,2684,621,38.342,0,dogn,,,
dogs,12568,720,179.543,0,dogs,,,
doin,18093,721,258.475,0,doin,,,
doingn,3250,636,46.428,0,doingn,,,
doki,2058,462,29.399,0,doki,,,
dollar,4553,697,65.042,0,dollar,DOLLAR,NOUNS,NOUN.COMMUNICATION
dollars,7775,723,111.07,0,dollars,,,
dom,2317,488,33.099,0,dom,,,
donald,6345,693,90.642,0,donald,,,
donalds,2008,582,28.685,0,donalds,,,
donator,1696,342,24.228,0,donator,,,
donen,3811,693,54.442,0,donen,,,
donny,1979,82,28.271,0,donny,,,
dont,517848,735,7406.509,0.005,dont,,,
dontn,5014,698,71.627,0,dontn,,,
donuts,1703,525,24.328,0,donuts,,,
doo,3134,633,44.77,0,doo,,,
dood,1785,500,25.499,0,dood,,,
doop,1822,61,26.028,0,doop,,,
doors,1734,543,24.771,0,doors,,,
dora,2862,600,40.885,0,dora,,,
dosent,1766,529,25.228,0,dosent,,,
dota,1645,348,23.499,0,dota,,,
dots,1606,562,22.942,0,dots,,,
downloaded,2834,664,40.485,0,downloaded,,,
downloading,2342,616,33.456,0,downloading,,,
downn,6117,706,87.384,0,downn,,,
dr,14281,706,204.015,0,dr,,,
dragons,1623,514,23.185,0,dragons,,,
drank,5378,701,76.827,0,drank,,,
drawings,1613,541,23.042,0,drawings,,,
drax,2094,71,29.914,0,drax,,,
dreams,11066,714,158.085,0,dreams,,,
drei,5397,56,77.099,0,drei,,,
drinks,4428,683,63.256,0,drinks,,,
drizzy,2209,88,31.556,0,drizzy,,,
drops,2141,630,30.585,0,drops,,,
drout,7916,97,113.084,0,drout,,,
drugs,10485,717,149.785,0,drugs,,,
ds,3544,661,50.628,0,ds,DS,NOUNS,NOUN.COMMUNICATION
du,3874,634,55.342,0,du,,,
ducks,2366,559,33.799,0,ducks,,,
duden,7793,705,111.327,0,duden,,,
dudes,4922,698,70.313,0,dudes,,,
duh,4135,686,59.07,0,duh,,,
dum,4141,641,59.156,0,dum,,,
dunno,14952,720,213.601,0,dunno,,,
duo,2032,562,29.028,0,duo,DUO,NOUNS,NOUN.COMMUNICATION
dw,20285,725,289.791,0,dw,,,
dwn,2176,568,31.085,0,dwn,,,
dyingn,2056,599,29.371,0,dyingn,,,
dyno,6992,574,99.884,0,dyno,,,
eachother,3137,677,44.813,0,eachother,,,
earrape,1583,475,22.614,0,earrape,,,
ears,7421,712,106.013,0,ears,,,
easier,6407,718,91.527,0,easier,,,
easyn,1985,593,28.356,0,easyn,,,
eatn,2625,628,37.499,0,eatn,,,
eboy,4076,555,58.227,0,eboy,,,
ecchi,1735,359,24.785,0,ecchi,,,
edate,3264,453,46.628,0,edate,,,
edating,4398,516,62.827,0,edating,,,
editing,2614,628,37.342,0,editing,EDITING,NOUNS,NOUN.COMMUNICATION
eee,4175,667,59.642,0,eee,,,
eevee,1917,273,27.385,0,eevee,,,
egirl,10608,661,151.542,0,egirl,,,
egirls,4487,534,64.099,0,egirls,,,
eh,39753,726,567.936,0,eh,,,
ehh,5653,688,80.756,0,ehh,,,
ehhh,4495,664,64.213,0,ehhh,,,
ehn,3793,663,54.185,0,ehn,,,
eithern,3037,637,43.385,0,eithern,,,
eli,119427,394,1706.523,0.001,eli,,,
elie,4444,65,63.485,0,elie,,,
ella,2503,282,35.756,0,ella,,,
elle,2087,198,29.814,0,elle,,,
ellie,6945,323,99.213,0,ellie,,,
elliot,1725,124,24.642,0,elliot,,,
ello,11206,701,160.085,0,ello,,,
elmo,3300,431,47.142,0,elmo,,,
elon,5596,572,79.942,0,elon,,,
elsen,3757,671,53.67,0,elsen,,,
email,4390,666,62.713,0,email,EMAIL,NOUNS,NOUN.COMMUNICATION
emi,3269,271,46.699,0,emi,,,
emil,2518,113,35.971,0,emil,,,
emily,6040,442,86.284,0,emily,,,
eminem,2062,526,29.456,0,eminem,,,
emma,4347,484,62.099,0,emma,,,
emmi,3020,57,43.142,0,emmi,,,
emmie,1621,67,23.157,0,emmie,,,
emmy,2854,147,40.771,0,emmy,EMMY,NOUNS,NOUN.COMMUNICATION
emn,2596,642,37.085,0,emn,,,
emo,5068,683,72.399,0,emo,,,
emoji,19584,721,279.776,0,emoji,,,
emojin,1635,570,23.357,0,emojin,,,
emojis,12360,713,176.571,0,emojis,,,
emoten,3122,621,44.599,0,emoten,,,
emotes,26410,717,377.298,0,emotes,,,
emotesn,2508,607,35.828,0,emotesn,,,
emotions,3373,658,48.185,0,emotions,,,
endn,1681,572,24.014,0,endn,,,
ends,6102,715,87.17,0,ends,,,
enemies,1653,572,23.614,0,enemies,,,
englishn,3570,665,50.999,0,englishn,,,
eni,1914,582,27.342,0,eni,,,
enjoyed,2537,630,36.242,0,enjoyed,,,
enjoying,3649,678,52.127,0,enjoying,,,
enoughn,3408,664,48.685,0,enoughn,,,
entered,2139,612,30.556,0,entered,,,
ep,7266,686,103.799,0,ep,,,
epicn,3279,581,46.842,0,epicn,,,
episodes,5128,681,73.256,0,episodes,,,
eps,1881,493,26.871,0,eps,,,
eren,2561,475,36.585,0,eren,,,
eri,1918,227,27.399,0,eri,,,
eric,4697,277,67.099,0,eric,,,
erika,2083,110,29.756,0,erika,,,
erm,2530,575,36.142,0,erm,,,
esex,2014,200,28.771,0,esex,,,
espa,2461,587,35.156,0,espa,,,
et,2608,621,37.256,0,et,,,
etc,7640,711,109.142,0,etc,,,
ethan,4887,333,69.813,0,ethan,,,
eva,5371,366,76.727,0,eva,,,
evan,1938,285,27.685,0,evan,,,
events,5615,661,80.213,0,events,,,
evern,2744,633,39.199,0,evern,,,
everybody,14156,722,202.229,0,everybody,,,
everyone,205865,732,2942.247,0.002,everyone,,,
everyonen,9074,712,129.628,0,everyonen,,,
everyones,7390,714,105.57,0,everyones,,,
everything,43988,734,628.446,0,everything,,,
everythingn,2871,641,41.013,0,everythingn,,,
everytime,8695,723,124.213,0,everytime,,,
ewn,4777,687,68.242,0,ewn,,,
eww,3932,675,56.17,0,eww,,,
ewww,1923,583,27.471,0,ewww,,,
exactlyn,2879,653,41.128,0,exactlyn,,,
exam,7752,707,110.742,0,exam,EXAM,NOUNS,NOUN.COMMUNICATION
exams,6542,690,93.456,0,exams,,,
exe,4813,511,68.756,0,exe,,,
existed,2023,630,28.899,0,existed,,,
existn,2218,573,31.685,0,existn,,,
exists,4877,703,69.67,0,exists,,,
exo,2743,232,39.185,0,exo,,,
exp,4345,595,62.07,0,exp,,,
expecting,2531,656,36.156,0,expecting,,,
explaining,1831,592,26.156,0,explaining,,,
explains,1836,624,26.228,0,explains,,,
expose,4900,701,69.999,0,expose,EXPOSE,NOUNS,NOUN.COMMUNICATION
exposing,1928,605,27.542,0,exposing,,,
ey,5780,702,82.57,0,ey,,,
eyesn,2903,659,41.47,0,eyesn,,,
eyy,2000,548,28.571,0,eyy,,,
eyyy,2004,545,28.628,0,eyyy,,,
ez,9409,714,134.413,0,ez,,,
ezn,1690,538,24.142,0,ezn,,,
fa,1912,565,27.314,0,fa,FA,NOUNS,NOUN.COMMUNICATION
facebook,3224,637,46.056,0,facebook,,,
facen,3416,669,48.799,0,facen,,,
faces,2158,637,30.828,0,faces,,,
factions,1728,157,24.685,0,factions,,,
facts,9602,714,137.17,0,facts,,,
factsn,1697,510,24.242,0,factsn,,,
fam,10467,710,149.528,0,fam,,,
familyn,1616,555,23.085,0,familyn,,,
famn,1586,474,22.657,0,famn,,,
fans,7037,714,100.527,0,fans,,,
fap,2898,357,41.399,0,fap,,,
faq,1834,231,26.199,0,faq,FAQ,NOUNS,NOUN.COMMUNICATION
farn,1834,588,26.199,0,farn,,,
fastn,3123,648,44.613,0,fastn,,,
fav,17850,722,255.003,0,fav,,,
fave,2102,599,30.028,0,fave,,,
fb,1709,379,24.414,0,fb,,,
fck,2385,517,34.071,0,fck,,,
feels,17754,729,253.632,0,feels,,,
feet,18148,721,259.26,0,feet,,,
felix,2415,442,34.499,0,felix,,,
femalen,1916,527,27.371,0,femalen,,,
females,5570,662,79.57,0,females,,,
femboy,4639,538,66.27,0,femboy,,,
ffs,5267,691,75.242,0,ffs,,,
fi,2893,645,41.328,0,fi,,,
fights,2571,639,36.728,0,fights,,,
files,2236,604,31.942,0,files,,,
finals,1727,446,24.671,0,finals,,,
finds,1583,582,22.614,0,finds,,,
finen,9330,717,133.285,0,finen,,,
fingers,6983,717,99.756,0,fingers,,,
finna,8556,695,122.227,0,finna,,,
firen,1648,541,23.542,0,firen,,,
firstn,4649,686,66.413,0,firstn,,,
fischl,3227,152,46.099,0,fischl,,,
fishn,1669,484,23.842,0,fishn,,,
fits,1796,588,25.656,0,fits,,,
fk,4311,628,61.585,0,fk,,,
fkin,1594,398,22.771,0,fkin,,,
flakes,2084,283,29.771,0,flakes,,,
flexing,4623,693,66.042,0,flexing,,,
flo,1848,165,26.399,0,flo,,,
flowers,2716,578,38.799,0,flowers,,,
fm,4580,195,65.427,0,fm,FM,NOUNS,NOUN.COMMUNICATION
fn,22482,724,321.179,0,fn,,,
fnaf,1671,452,23.871,0,fnaf,,,
followed,1938,586,27.685,0,followed,,,
foodn,5303,685,75.756,0,foodn,,,
foods,1953,569,27.899,0,foods,,,
forces,1704,574,24.342,0,forces,,,
forcing,1772,599,25.314,0,forcing,,,
forevern,1681,551,24.014,0,forevern,,,
forgetting,2262,649,32.314,0,forgetting,,,
forgot,43581,728,622.63,0,forgot,,,
forgotn,1821,603,26.014,0,forgotn,,,
forn,3907,682,55.813,0,forn,,,
fortnite,22611,709,323.022,0,fortnite,,,
fran,3619,506,51.699,0,fran,,,
franxx,1664,443,23.771,0,franxx,,,
freaking,2184,588,31.199,0,freaking,,,
freen,2331,611,33.299,0,freen,,,
fren,2693,488,38.471,0,fren,,,
frfr,2210,500,31.571,0,frfr,,,
fricking,2089,550,29.842,0,fricking,,,
friendn,7128,710,101.827,0,friendn,,,
friends,95649,733,1366.677,0.001,friends,,,
friendsn,7707,702,110.099,0,friendsn,,,
frn,6183,661,88.327,0,frn,,,
fromn,3131,646,44.728,0,fromn,,,
fruits,1705,518,24.357,0,fruits,,,
fu,1824,596,26.056,0,fu,,,
fuckin,1816,480,25.942,0,fuckin,,,
fuckn,1739,475,24.842,0,fuckn,,,
funn,7742,702,110.599,0,funn,,,
funnyn,5583,694,79.756,0,funnyn,,,
furries,5960,665,85.142,0,furries,,,
furryn,1613,477,23.042,0,furryn,,,
gabi,6549,222,93.556,0,gabi,,,
gacha,3918,558,55.97,0,gacha,,,
gae,8255,657,117.927,0,gae,,,
gaen,1643,415,23.471,0,gaen,,,
gained,1787,582,25.528,0,gained,,,
gamen,6976,691,99.656,0,gamen,,,
gameplay,1759,499,25.128,0,gameplay,,,
gamer,17179,712,245.417,0,gamer,,,
gamers,5553,643,79.327,0,gamers,,,
games,47037,726,672.011,0,games,,,
gamesn,3272,622,46.742,0,gamesn,,,
gangn,4931,599,70.442,0,gangn,,,
gangsta,1772,419,25.314,0,gangsta,,,
gave,31415,731,448.805,0,gave,,,
gayn,5766,635,82.37,0,gayn,,,
gays,2614,589,37.342,0,gays,,,
geez,1901,573,27.156,0,geez,,,
geh,6220,145,88.856,0,geh,,,
gen,8761,689,125.156,0,gen,GEN,NOUNS,NOUN.COMMUNICATION
genders,2755,639,39.356,0,genders,,,
generaln,1725,513,24.642,0,generaln,,,
genshin,9178,345,131.113,0,genshin,,,
getn,1736,601,24.799,0,getn,,,
gets,40317,729,575.994,0,gets,,,
gettin,2096,593,29.942,0,gettin,,,
gf,27711,726,395.885,0,gf,,,
gfn,3265,606,46.642,0,gfn,,,
gg,35546,715,507.827,0,gg,,,
ggn,5090,571,72.713,0,ggn,,,
gif,17425,720,248.931,0,gif,,,
gifs,7484,711,106.913,0,gifs,,,
gifts,2108,581,30.114,0,gifts,,,
gigi,71044,168,1015.052,0.001,gigi,,,
gimme,15562,716,222.316,0,gimme,,,
giorno,1690,422,24.142,0,giorno,,,
girln,12229,705,174.7,0,girln,,,
girls,54644,730,780.705,0.001,girls,,,
girlsn,3690,623,52.713,0,girlsn,,,
giv,1681,514,24.014,0,giv,,,
giveaway,13232,668,189.029,0,giveaway,GIVEAWAY,NOUNS,NOUN.COMMUNICATION
giveaways,5574,571,79.627,0,giveaways,,,
gives,13835,722,197.643,0,gives,,,
gj,3441,569,49.156,0,gj,,,
gl,4996,699,71.37,0,gl,,,
glizzy,1592,282,22.742,0,glizzy,,,
glomp,3306,75,47.228,0,glomp,,,
gn,72135,728,1030.642,0.001,gn,,,
gnight,1801,392,25.728,0,gnight,,,
gnn,3536,675,50.513,0,gnn,,,
gnome,1809,344,25.842,0,gnome,GNOME,NOUNS,NOUN.COMMUNICATION
godn,7336,715,104.799,0,godn,,,
gods,3546,690,50.656,0,gods,,,
goes,25309,729,361.568,0,goes,,,
goin,8550,720,122.142,0,goin,,,
goingn,2136,601,30.514,0,goingn,,,
goku,7533,606,107.613,0,goku,,,
gon,19459,728,277.99,0,gon,,,
gonen,3412,672,48.742,0,gonen,,,
gonna,237783,733,3398.675,0.002,gonna,,,
good,35442,1265,506.338,0,goodn,,,
goodbye,8426,720,120.37,0,goodbye,GOODBYE,NOUNS,NOUN.COMMUNICATION
goodluck,2127,539,30.385,0,goodluck,,,
goodmorning,2091,567,29.871,0,goodmorning,,,
goodnight,24122,720,344.609,0,goodnight,,,
google,29708,727,424.417,0,google,,,
gooo,2695,661,38.499,0,gooo,,,
goood,6357,698,90.813,0,goood,,,
gordon,2107,476,30.099,0,gordon,,,
gorl,2643,561,37.756,0,gorl,,,
gosh,3216,647,45.942,0,gosh,,,
got,404171,736,5779.12,0.004,got,,,
gotcha,1940,538,27.714,0,gotcha,,,
gotchu,2393,623,34.185,0,gotchu,,,
gotmilk,34275,51,489.667,0,gotmilk,,,
gotta,62431,732,891.974,0.001,gotta,,,
gotten,8598,716,122.827,0,gotten,,,
gr,2685,567,38.356,0,gr,,,
grades,3702,673,52.885,0,grades,,,
grande,2248,466,32.114,0,grande,,,
grats,4473,362,63.899,0,grats,,,
greatn,4673,676,66.756,0,greatn,,,
greetings,6488,626,92.684,0,greetings,,,
grew,3474,677,49.628,0,grew,,,
groups,2297,607,32.813,0,groups,,,
grrr,2428,570,34.685,0,grrr,,,
gta,4686,661,66.942,0,gta,,,
gtg,16041,721,229.159,0,gtg,,,
gts,1702,373,24.314,0,gts,,,
gucci,3843,645,54.899,0,gucci,,,
gud,13696,704,195.658,0,gud,,,
guessn,4341,669,62.013,0,guessn,,,
gunna,3320,575,47.428,0,gunna,,,
guns,5318,690,75.97,0,guns,,,
gurl,3118,643,44.542,0,gurl,,,
guyn,7315,713,104.499,0,guyn,,,
guys,319615,732,4569.182,0.003,guys,,,
guysn,16594,722,237.059,0,guysn,,,
hab,5272,480,75.313,0,hab,,,
habibi,2517,444,35.956,0,habibi,,,
hacked,3403,649,48.613,0,hacked,,,
hacking,1949,557,27.842,0,hacking,,,
hai,31765,716,453.806,0,hai,,,
haii,6318,565,90.256,0,haii,,,
haiii,5740,569,81.999,0,haiii,,,
haikyuu,3487,488,49.813,0,haikyuu,,,
hail,1613,541,23.042,0,hail,HAIL,NOUNS,NOUN.COMMUNICATION
hain,2534,572,36.199,0,hain,,,
hairn,2586,603,36.942,0,hairn,,,
haku,2010,143,28.714,0,haku,,,
hallo,4765,649,68.07,0,hallo,,,
hana,4852,233,69.313,0,hana,,,
handsn,1789,545,25.557,0,handsn,,,
hani,1921,125,27.442,0,hani,HANI,NOUNS,NOUN.COMMUNICATION
hannah,2485,332,35.499,0,hannah,,,
happend,3428,659,48.97,0,happend,,,
happened,53879,730,769.774,0.001,happened,,,
happenedn,2808,644,40.113,0,happenedn,,,
happeningn,2364,578,33.771,0,happeningn,,,
happenn,1795,576,25.642,0,happenn,,,
happens,18281,726,261.161,0,happens,,,
happyn,3525,659,50.356,0,happyn,,,
haram,2005,440,28.642,0,haram,,,
harassing,1600,553,22.857,0,harassing,,,
harder,5613,713,80.184,0,harder,,,
hardest,1934,610,27.628,0,hardest,,,
hardn,4327,692,61.813,0,hardn,,,
haru,7913,341,113.042,0,haru,,,
haruki,6150,106,87.856,0,haruki,,,
hasnt,5046,711,72.084,0,hasnt,,,
hates,7100,720,101.427,0,hates,,,
hating,2644,664,37.771,0,hating,,,
hav,3373,620,48.185,0,hav,,,
havent,39779,731,568.307,0,havent,,,
hawt,3262,569,46.599,0,hawt,,,
hbu,36232,721,517.628,0,hbu,,,
hbun,2643,509,37.756,0,hbun,,,
hby,2159,521,30.842,0,hby,,,
headn,3593,662,51.327,0,headn,,,
headphones,3797,681,54.242,0,headphones,,,
heads,4126,672,58.942,0,heads,,,
hearn,2142,583,30.599,0,hearn,,,
heartn,2421,590,34.585,0,heartn,,,
hec,2350,198,33.571,0,hec,,,
hecc,2318,456,33.113,0,hecc,,,
heck,10804,706,154.342,0,heck,HECK,NOUNS,NOUN.COMMUNICATION
hee,2027,525,28.956,0,hee,,,
heh,11095,710,158.499,0,heh,,,
hehe,21391,727,305.592,0,hehe,,,
hehehe,3245,661,46.356,0,hehehe,,,
hehen,5526,668,78.942,0,hehen,,,
hehn,2084,513,29.771,0,hehn,,,
hella,9852,719,140.742,0,hella,,,
helln,1671,537,23.871,0,helln,,,
hello,235588,735,3367.284,0.002,hello,HELLO,NOUNS,NOUN.COMMUNICATION
hellon,17411,725,248.731,0,hellon,,,
helloo,2512,593,35.885,0,helloo,,,
hellooo,5141,682,73.442,0,hellooo,,,
helo,5195,691,74.213,0,helo,,,
helped,4195,691,59.927,0,helped,,,
helpers,2913,328,41.613,0,helpers,,,
helpn,7643,711,109.184,0,helpn,,,
helps,5381,705,76.87,0,helps,,,
henlo,8817,660,125.956,0,henlo,,,
hentai,16751,537,239.302,0,hentai,,,
hentain,1689,342,24.128,0,hentain,,,
heren,38632,729,551.919,0,heren,,,
heres,4209,694,60.127,0,heres,,,
hern,9071,709,129.585,0,hern,,,
hes,57183,728,816.984,0.001,hes,,,
heshe,2022,594,28.885,0,heshe,,,
hewo,7535,643,107.642,0,hewo,,,
hewwo,7309,671,104.413,0,hewwo,,,
hey,293683,735,4198.208,0.003,hey,,,
heya,18535,694,264.789,0,heya,,,
heyn,11711,718,167.3,0,heyn,,,
heyo,15480,702,221.144,0,heyo,,,
heyy,8999,708,128.556,0,heyy,,,
heyyy,8254,714,117.913,0,heyyy,,,
hh,1710,562,24.428,0,hh,,,
hhh,2755,604,39.356,0,hhh,,,
hi,442385,732,6326.092,0.004,hi,HI,NOUNS,NOUN.COMMUNICATION
highfive,4123,321,58.899,0,highfive,,,
hihi,15639,693,223.416,0,hihi,,,
hihin,1708,485,24.399,0,hihin,,,
hii,27811,723,397.314,0,hii,,,
hiii,33255,723,475.094,0,hiii,,,
hiiin,4865,653,69.499,0,hiiin,,,
hiin,3335,611,47.642,0,hiin,,,
himn,12800,722,182.857,0,himn,,,
hinata,3634,441,51.913,0,hinata,,,
hiro,5826,323,83.227,0,hiro,,,
hisoka,1994,385,28.485,0,hisoka,,,
hits,4597,702,65.67,0,hits,,,
hiya,12265,683,175.214,0,hiya,,,
hmm,77458,732,1106.709,0.001,hmm,,,
hmmm,45749,727,653.607,0,hmmm,,,
hmmmn,10409,713,148.699,0,hmmmn,,,
hmmn,13649,718,194.986,0,hmmn,,,
hmn,7233,703,103.327,0,hmn,,,
hmph,2047,490,29.242,0,hmph,,,
hmu,2800,608,39.999,0,hmu,,,
hoi,6069,648,86.699,0,hoi,,,
hol,3670,669,52.427,0,hol,,,
hola,8610,707,122.999,0,hola,,,
holes,1729,563,24.699,0,holes,,,
holidays,1749,523,24.985,0,holidays,,,
holo,6987,279,99.813,0,holo,,,
homen,3546,658,50.656,0,homen,,,
homie,16420,705,234.573,0,homie,,,
homien,2213,475,31.614,0,homien,,,
homies,9009,672,128.699,0,homies,,,
hoodie,3460,650,49.428,0,hoodie,,,
hoping,3569,676,50.985,0,hoping,,,
hornyn,1685,319,24.071,0,hornyn,,,
hotn,7773,704,111.042,0,hotn,,,
hotter,1927,602,27.528,0,hotter,,,
hottest,1579,558,22.557,0,hottest,,,
hourn,1795,574,25.642,0,hourn,,,
hoursn,4681,687,66.87,0,hoursn,,,
housen,3313,656,47.328,0,housen,,,
houses,1924,603,27.485,0,houses,,,
howd,2300,624,32.856,0,howd,,,
howdy,6561,640,93.727,0,howdy,HOWDY,NOUNS,NOUN.COMMUNICATION
hown,4937,704,70.527,0,hown,,,
howre,1659,401,23.699,0,howre,,,
hows,28833,725,411.915,0,hows,,,
hrs,7803,715,111.47,0,hrs,,,
hru,55780,717,796.937,0.001,hru,,,
hrun,4556,578,65.084,0,hrun,,,
hruu,1727,409,24.671,0,hruu,,,
hruuu,1682,412,24.028,0,hruuu,,,
hs,1760,545,25.142,0,hs,,,
hu,6936,697,99.084,0,hu,,,
huey,2109,57,30.128,0,huey,,,
hugged,2416,546,34.513,0,hugged,,,
hugn,3636,577,51.942,0,hugn,,,
hugs,17643,702,252.046,0,hugs,,,
huh,82670,728,1181.192,0.001,huh,,,
huhn,9980,713,142.571,0,huhn,,,
hungryn,2350,598,33.571,0,hungryn,,,
hurtn,1697,563,24.242,0,hurtn,,,
hurts,15654,725,223.63,0,hurts,,,
hurtsn,2122,579,30.314,0,hurtsn,,,
hw,9441,699,134.87,0,hw,,,
hxh,2134,481,30.485,0,hxh,,,
hy,1712,575,24.457,0,hy,,,
hyd,2071,381,29.585,0,hyd,,,
hype,8893,688,127.042,0,hype,HYPE,NOUNS,NOUN.COMMUNICATION
hyped,2498,637,35.685,0,hyped,,,
hyper,4440,611,63.427,0,hyper,,,
hypixel,2044,398,29.199,0,hypixel,,,
iam,4355,567,62.213,0,iam,,,
icecream,1895,580,27.071,0,icecream,,,
icey,1826,106,26.085,0,icey,,,
ich,2173,517,31.042,0,ich,,,
idc,12996,719,185.657,0,idc,,,
idcn,1652,556,23.599,0,idcn,,,
idean,2433,607,34.756,0,idean,,,
ideas,4699,697,67.127,0,ideas,,,
idek,6973,717,99.613,0,idek,,,
idfk,2330,589,33.285,0,idfk,,,
idk,173775,735,2483.428,0.002,idk,,,
idkn,15631,724,223.302,0,idkn,,,
ight,17739,719,253.417,0,ight,,,
ign,4223,677,60.327,0,ign,,,
ignoring,5704,717,81.484,0,ignoring,,,
ik,52680,732,752.641,0,ik,,,
ikn,5494,693,78.484,0,ikn,,,
ikr,27214,723,388.785,0,ikr,,,
ikrn,5389,702,76.984,0,ikrn,,,
ily,28733,715,410.487,0,ily,,,
ilym,1765,381,25.214,0,ilym,,,
ilyn,4103,570,58.613,0,ilyn,,,
ilyt,3489,552,49.842,0,ilyt,,,
im,1099153,736,15741.881,0.01,im,,,
ima,45654,724,652.25,0,ima,,,
images,8699,708,124.27,0,images,,,
imaginen,2212,593,31.599,0,imaginen,,,
imagining,2375,566,33.928,0,imagining,,,
imma,79785,729,1139.963,0.001,imma,,,
imn,2581,630,36.871,0,imn,,,
inches,4163,670,59.47,0,inches,,,
including,3697,681,52.813,0,including,,,
indeedn,3663,643,52.327,0,indeedn,,,
indians,2030,481,28.999,0,indians,,,
info,13405,717,191.5,0,info,INFO,NOUNS,NOUN.COMMUNICATION
infront,1710,590,24.428,0,infront,,,
ini,1726,570,24.657,0,ini,,,
innit,3312,589,47.313,0,innit,,,
insta,7123,712,101.756,0,insta,,,
instagram,5248,700,74.97,0,instagram,,,
insteadn,1635,529,23.357,0,insteadn,,,
interestingn,2477,616,35.385,0,interestingn,,,
interview,2245,495,32.071,0,interview,INTERVIEW,NOUNS,NOUN.COMMUNICATION
intro,4667,678,66.67,0,intro,INTRO,NOUNS,NOUN.COMMUNICATION
intros,2314,308,33.056,0,intros,,,
inv,6552,662,93.599,0,inv,,,
invite,19259,722,275.133,0,invite,INVITE,NOUNS,NOUN.COMMUNICATION
invites,2419,553,34.556,0,invites,,,
iphone,4197,652,59.956,0,iphone,,,
irl,24361,727,348.024,0,irl,,,
irln,2444,604,34.913,0,irln,,,
isekai,2829,417,40.413,0,isekai,,,
ish,7288,693,104.113,0,ish,,,
isla,2691,97,38.442,0,isla,,,
isnt,76011,731,1086.031,0.001,isnt,,,
issa,1931,515,27.585,0,issa,,,
issues,7844,718,112.056,0,issues,,,
ist,1684,509,24.057,0,ist,,,
istg,4832,644,69.027,0,istg,,,
itachi,1974,436,28.199,0,itachi,,,
itadori,4842,55,69.17,0,itadori,,,
items,1970,546,28.142,0,items,,,
itll,4825,695,68.927,0,itll,,,
itn,88007,733,1257.463,0.001,itn,,,
itnand,2245,610,32.071,0,itnand,,,
itnbut,2117,601,30.242,0,itnbut,,,
itni,4273,684,61.042,0,itni,,,
itnit,2150,618,30.714,0,itnit,,,
ive,75703,728,1081.63,0.001,ive,,,
ivyy,6152,72,87.884,0,ivyy,,,
iz,2185,558,31.214,0,iz,,,
izz,2934,147,41.913,0,izz,,,
izzy,2354,224,33.628,0,izzy,,,
ja,2915,615,41.642,0,ja,,,
jabami,4354,140,62.199,0,jabami,,,
jada,2264,58,32.342,0,jada,,,
jae,18280,162,261.146,0,jae,,,
jah,1642,364,23.457,0,jah,,,
jake,4746,589,67.799,0,jake,,,
james,15206,667,217.23,0,james,JAMES,NOUNS,NOUN.COMMUNICATION
jameson,2528,72,36.113,0,jameson,,,
jamie,2247,250,32.099,0,jamie,,,
jammin,2710,160,38.713,0,jammin,,,
java,4401,638,62.87,0,java,JAVA,NOUNS,NOUN.COMMUNICATION
jazz,3572,612,51.027,0,jazz,JAZZ,NOUNS,NOUN.COMMUNICATION
jb,60054,183,858.009,0.001,jb,,,
je,6166,658,88.084,0,je,,,
jeans,1859,522,26.556,0,jeans,,,
jeez,4919,699,70.27,0,jeez,,,
jeff,2316,484,33.085,0,jeff,,,
jen,7618,310,108.827,0,jen,,,
jenna,1599,148,22.842,0,jenna,,,
jere,2787,138,39.813,0,jere,,,
jess,16064,302,229.488,0,jess,,,
jesusn,2033,587,29.042,0,jesusn,,,
jimin,2104,285,30.056,0,jimin,,,
jin,2385,442,34.071,0,jin,,,
jk,31624,724,451.791,0,jk,,,
jkjk,2606,623,37.228,0,jkjk,,,
jkn,5447,700,77.813,0,jkn,,,
jn,3873,687,55.327,0,jn,,,
jo,8964,677,128.056,0,jo,,,
jobn,2632,643,37.599,0,jobn,,,
jobs,2809,630,40.128,0,jobs,,,
joe,17932,681,256.175,0,joe,,,
joel,4631,171,66.156,0,joel,JOEL,NOUNS,NOUN.COMMUNICATION
joestar,2389,298,34.128,0,joestar,,,
joinn,4209,676,60.127,0,joinn,,,
joins,3958,683,56.542,0,joins,,,
jojo,14710,692,210.144,0,jojo,,,
joken,4600,678,65.713,0,joken,,,
jokes,15096,725,215.658,0,jokes,,,
jokingn,1760,596,25.142,0,jokingn,,,
jon,1693,443,24.185,0,jon,,,
jotaro,2442,453,34.885,0,jotaro,,,
jp,2274,377,32.485,0,jp,,,
js,2642,598,37.742,0,js,,,
jsut,2378,614,33.971,0,jsut,,,
jules,2168,98,30.971,0,jules,,,
jumped,1921,622,27.442,0,jumped,,,
jus,8420,696,120.285,0,jus,,,
justin,4969,610,70.984,0,justin,,,
justn,4285,688,61.213,0,justn,,,
juu,3176,116,45.37,0,juu,,,
kade,2134,84,30.485,0,kade,,,
kahoot,1641,365,23.442,0,kahoot,,,
kai,48688,537,695.601,0,kai,,,
kakashi,1881,411,26.871,0,kakashi,,,
kam,3292,159,47.028,0,kam,,,
kaneki,2307,469,32.956,0,kaneki,,,
kanna,4228,487,60.399,0,kanna,,,
kanye,4844,576,69.199,0,kanye,,,
karen,3834,620,54.77,0,karen,KAREN,NOUNS,NOUN.COMMUNICATION
karl,2381,223,34.013,0,karl,,,
kate,2083,274,29.756,0,kate,,,
kawaii,6004,576,85.77,0,kawaii,,,
kay,7653,617,109.327,0,kay,,,
kayla,3714,217,53.056,0,kayla,,,
kaz,2387,170,34.099,0,kaz,,,
kazu,6486,88,92.656,0,kazu,,,
ke,2324,633,33.199,0,ke,,,
keeps,10716,726,153.085,0,keeps,,,
keith,1662,139,23.742,0,keith,,,
kek,13367,634,190.957,0,kek,,,
kekn,3158,465,45.113,0,kekn,,,
kekw,3014,324,43.056,0,kekw,,,
kermit,3835,512,54.785,0,kermit,,,
kevin,3726,467,53.227,0,kevin,,,
kewl,1653,443,23.614,0,kewl,,,
keys,2371,598,33.871,0,keys,,,
kfc,1829,559,26.128,0,kfc,,,
kicked,9574,723,136.77,0,kicked,,,
kidding,12303,714,175.757,0,kidding,,,
kiddo,2026,561,28.942,0,kiddo,,,
kidn,3805,661,54.356,0,kidn,,,
kids,41681,727,595.483,0,kids,,,
kidsn,3554,641,50.77,0,kidsn,,,
kiko,2202,106,31.456,0,kiko,,,
killed,16616,724,237.374,0,killed,,,
kills,4957,704,70.813,0,kills,,,
killua,4261,484,60.87,0,killua,,,
kim,3083,573,44.042,0,kim,,,
kimi,2387,447,34.099,0,kimi,,,
kimmy,3365,105,48.07,0,kimmy,,,
kimochi,4775,184,68.213,0,kimochi,,,
kinds,2030,595,28.999,0,kinds,,,
kingn,1712,489,24.457,0,kingn,,,
kira,4580,465,65.427,0,kira,,,
kirby,2834,505,40.485,0,kirby,,,
kiri,2108,186,30.114,0,kiri,,,
kirito,2772,388,39.599,0,kirito,,,
kissed,4815,682,68.784,0,kissed,,,
kisses,4795,660,68.499,0,kisses,,,
kissn,1910,517,27.285,0,kissn,,,
kiyo,1805,72,25.785,0,kiyo,,,
kk,6291,710,89.87,0,kk,,,
kms,2623,562,37.471,0,kms,,,
kn,31691,726,452.749,0,kn,,,
knees,1847,562,26.385,0,knees,,,
knew,22515,728,321.65,0,knew,,,
kno,3831,662,54.727,0,kno,,,
knows,27186,729,388.385,0,knows,,,
koi,1674,304,23.914,0,koi,,,
kon,5388,507,76.97,0,kon,,,
kool,1683,522,24.042,0,kool,,,
kotori,3102,119,44.313,0,kotori,,,
koya,20512,113,293.034,0,koya,,,
kpop,11090,706,158.428,0,kpop,,,
kudasai,2029,159,28.985,0,kudasai,,,
kujo,1583,154,22.614,0,kujo,,,
kuki,1922,57,27.456,0,kuki,KUKI,NOUNS,NOUN.COMMUNICATION
kuma,2492,122,35.599,0,kuma,,,
kun,17575,584,251.074,0,kun,,,
kuro,1803,239,25.756,0,kuro,,,
kyle,2997,456,42.813,0,kyle,,,
kyu,2931,127,41.87,0,kyu,,,
la,11266,705,160.942,0,la,LA,NOUNS,NOUN.COMMUNICATION
ladies,4040,689,57.713,0,ladies,,,
lads,2439,590,34.842,0,lads,,,
laggy,2065,601,29.499,0,laggy,,,
languagen,1971,570,28.156,0,languagen,,,
languages,5100,691,72.856,0,languages,,,
lapis,2047,158,29.242,0,lapis,,,
lars,3197,71,45.67,0,lars,,,
laten,2316,628,33.085,0,laten,,,
latern,4560,686,65.142,0,latern,,,
laugh,13945,726,199.215,0,laugh,LAUGH,NOUNS,NOUN.COMMUNICATION
laughed,2762,662,39.456,0,laughed,,,
laughs,1867,594,26.671,0,laughs,,,
laws,2077,582,29.671,0,laws,LAWS,NOUNS,NOUN.COMMUNICATION
layla,2810,132,40.142,0,layla,,,
laz,2389,88,34.128,0,laz,,,
lbs,1589,480,22.699,0,lbs,,,
leaderboard,2523,514,36.042,0,leaderboard,,,
leah,1974,163,28.199,0,leah,,,
leak,2202,592,31.456,0,leak,LEAK,NOUNS,NOUN.COMMUNICATION
leaked,1751,540,25.014,0,leaked,,,
learnt,1717,582,24.528,0,learnt,,,
leaves,4404,703,62.913,0,leaves,,,
leftn,4347,696,62.099,0,leftn,,,
legend,4825,688,68.927,0,legend,LEGEND,NOUNS,NOUN.COMMUNICATION
legends,6038,695,86.256,0,legends,,,
legit,20179,722,288.276,0,legit,,,
lel,7465,645,106.642,0,lel,,,
leln,2132,468,30.456,0,leln,,,
lemme,27660,729,395.157,0,lemme,,,
les,2419,620,34.556,0,les,,,
lessons,2524,644,36.056,0,lessons,,,
lets,47266,730,675.283,0,lets,,,
letter,6441,702,92.013,0,letter,LETTER,NOUNS,NOUN.COMMUNICATION
leveled,6650,600,94.999,0,leveled,,,
leveln,2134,609,30.485,0,leveln,,,
levels,10404,722,148.628,0,levels,,,
lex,1641,206,23.442,0,lex,,,
lexi,2920,244,41.713,0,lexi,,,
lia,2675,244,38.213,0,lia,,,
licc,2075,130,29.642,0,licc,,,
lie,17260,725,246.574,0,lie,LIE,NOUNS,NOUN.COMMUNICATION
lied,4566,702,65.227,0,lied,LIED,NOUNS,NOUN.COMMUNICATION
liek,3230,661,46.142,0,liek,,,
lies,6232,713,89.027,0,lies,,,
lifen,9231,712,131.87,0,lifen,,,
lights,3509,680,50.128,0,lights,,,
likes,24408,728,348.695,0,likes,,,
lil,50075,725,715.419,0,lil,,,
lilly,8235,213,117.642,0,lilly,,,
lina,2636,125,37.656,0,lina,,,
lines,4642,702,66.313,0,lines,,,
linkn,1609,558,22.985,0,linkn,,,
lips,3376,660,48.228,0,lips,,,
lisa,3814,550,54.485,0,lisa,,,
listened,5283,699,75.47,0,listened,,,
listens,1880,615,26.856,0,listens,,,
lived,4550,691,64.999,0,lived,,,
lives,10747,722,153.528,0,lives,,,
liz,3639,300,51.985,0,liz,,,
lmao,215485,733,3079.806,0.002,lmao,,,
lmaon,51416,727,734.58,0,lmaon,,,
lmaoni,2271,619,32.442,0,lmaoni,,,
lmaoo,13173,717,188.186,0,lmaoo,,,
lmaoon,3407,615,48.67,0,lmaoon,,,
lmaooo,12374,713,176.771,0,lmaooo,,,
lmaooon,3288,636,46.97,0,lmaooon,,,
lmfao,28111,726,401.6,0,lmfao,,,
lmfaon,7541,694,107.727,0,lmfaon,,,
lmfaoo,2302,498,32.885,0,lmfaoo,,,
lmfaooo,2889,555,41.27,0,lmfaooo,,,
ln,25872,723,369.611,0,ln,,,
lo,4719,699,67.413,0,lo,,,
lofi,2585,575,36.928,0,lofi,,,
logo,3123,581,44.613,0,logo,LOGO,NOUNS,NOUN.COMMUNICATION
logs,4905,671,70.07,0,logs,,,
lola,2060,167,29.428,0,lola,,,
loli,24408,631,348.695,0,loli,,,
lolicon,1570,321,22.428,0,lolicon,,,
lolin,1879,402,26.842,0,lolin,,,
lolis,4887,505,69.813,0,lolis,,,
lonelyn,1747,538,24.957,0,lonelyn,,,
longn,3258,673,46.542,0,longn,,,
lood,1596,89,22.799,0,lood,,,
looked,12219,723,174.557,0,looked,,,
lookin,4691,690,67.013,0,lookin,,,
lookn,2120,641,30.285,0,lookn,,,
looks,55417,730,791.75,0.001,looks,,,
lori,1576,65,22.514,0,lori,,,
losing,5768,711,82.399,0,losing,,,
lotn,3579,664,51.127,0,lotn,,,
lou,3351,188,47.87,0,lou,,,
loven,4956,690,70.799,0,loven,,,
loves,13698,722,195.686,0,loves,,,
lowkey,8419,711,120.27,0,lowkey,,,
luci,4107,199,58.67,0,luci,,,
luckn,1696,564,24.228,0,luckn,,,
luffy,2206,341,31.514,0,luffy,,,
luka,4675,185,66.784,0,luka,,,
luke,4079,448,58.27,0,luke,LUKE,NOUNS,NOUN.COMMUNICATION
lul,5284,634,75.484,0,lul,,,
luv,7665,694,109.499,0,luv,,,
lvl,42547,721,607.856,0,lvl,,,
ly,4960,663,70.856,0,ly,,,
lyn,2102,282,30.028,0,lyn,,,
lyrics,6920,715,98.856,0,lyrics,,,
maam,2435,544,34.785,0,maam,,,
machina,2799,65,39.985,0,machina,,,
maddie,6332,262,90.456,0,maddie,,,
madi,3685,138,52.642,0,madi,,,
madn,2486,614,35.513,0,madn,,,
mafu,1964,68,28.056,0,mafu,,,
magik,2700,234,38.571,0,magik,,,
mah,3452,616,49.313,0,mah,,,
mai,8381,540,119.727,0,mai,,,
mais,1745,251,24.928,0,mais,,,
makes,51988,732,742.753,0,makes,,,
maki,8321,337,118.87,0,maki,,,
mal,5664,386,80.913,0,mal,,,
males,2190,612,31.285,0,males,,,
managed,2362,615,33.742,0,managed,,,
manga,20076,698,286.805,0,manga,,,
mans,7601,705,108.584,0,mans,,,
maps,1833,525,26.185,0,maps,,,
mari,5109,282,72.984,0,mari,MARI,NOUNS,NOUN.COMMUNICATION
marie,1866,243,26.656,0,marie,,,
mario,6115,676,87.356,0,mario,,,
marriedn,1643,471,23.471,0,marriedn,,,
matches,2092,613,29.885,0,matches,,,
maten,2281,562,32.585,0,maten,,,
mattern,1752,550,25.028,0,mattern,,,
matters,2687,656,38.385,0,matters,,,
maya,3963,258,56.613,0,maya,MAYA,NOUNS,NOUN.COMMUNICATION
mayben,4375,686,62.499,0,mayben,,,
mb,3491,674,49.87,0,mb,MB,NOUNS,NOUN.COMMUNICATION
mcdonalds,2710,651,38.713,0,mcdonalds,,,
meann,14812,722,211.601,0,meann,,,
meansn,1653,575,23.614,0,meansn,,,
meant,32831,728,469.036,0,meant,,,
med,1873,526,26.756,0,med,MED,NOUNS,NOUN.COMMUNICATION
media,12475,713,178.214,0,media,,,
meds,2375,564,33.928,0,meds,,,
mee,14111,704,201.586,0,mee,,,
meee,4818,698,68.827,0,meee,,,
meeen,1614,517,23.057,0,meeen,,,
meep,2516,312,35.942,0,meep,,,
mega,4567,663,65.242,0,mega,,,
meh,18120,720,258.86,0,meh,,,
mehn,2674,601,38.199,0,mehn,,,
mel,5391,312,77.013,0,mel,,,
members,25152,721,359.325,0,members,,,
membersn,1839,522,26.271,0,membersn,,,
memen,2765,612,39.499,0,memen,,,
memer,3849,584,54.985,0,memer,,,
memes,17942,716,256.317,0,memes,,,
memesn,1716,548,24.514,0,memesn,,,
memories,3505,675,50.07,0,memories,,,
menand,1868,608,26.685,0,menand,,,
meni,4986,697,71.227,0,meni,,,
menn,2354,572,33.628,0,menn,,,
mention,8055,723,115.07,0,mention,MENTION,NOUNS,NOUN.COMMUNICATION
mentioned,4519,692,64.556,0,mentioned,,,
meown,1779,452,25.414,0,meown,,,
mera,2227,104,31.814,0,mera,,,
merch,2085,467,29.785,0,merch,,,
message,41575,729,593.968,0,message,MESSAGE,NOUNS,NOUN.COMMUNICATION
messaged,1721,609,24.585,0,messaged,,,
messagen,2561,616,36.585,0,messagen,,,
messages,33237,727,474.837,0,messages,,,
messagesn,2653,583,37.899,0,messagesn,,,
messed,6056,718,86.513,0,messed,,,
messing,3096,670,44.228,0,messing,,,
met,15805,726,225.787,0,met,,,
mfs,2528,453,36.113,0,mfs,,,
mha,2530,521,36.142,0,mha,,,
mhm,29960,727,428.017,0,mhm,,,
mhmm,3022,595,43.17,0,mhmm,,,
mhmn,5784,668,82.627,0,mhmn,,,
mi,7804,701,111.484,0,mi,MI,NOUNS,NOUN.COMMUNICATION
mia,5832,585,83.313,0,mia,,,
mic,11960,718,170.857,0,mic,,,
microsoft,2355,547,33.642,0,microsoft,,,
mika,7637,295,109.099,0,mika,,,
mikasa,2229,352,31.842,0,mikasa,,,
miku,4348,501,62.113,0,miku,,,
miles,2711,623,38.728,0,miles,,,
milf,2032,427,29.028,0,milf,,,
milkn,3447,595,49.242,0,milkn,,,
mimi,7839,330,111.984,0,mimi,,,
mimu,2145,100,30.642,0,mimu,,,
min,15770,722,225.287,0,min,MIN,NOUNS,NOUN.COMMUNICATION
mindn,2926,640,41.799,0,mindn,,,
minecraft,37650,725,537.888,0,minecraft,,,
minecraftn,1927,556,27.528,0,minecraftn,,,
minen,5141,696,73.442,0,minen,,,
mines,4102,701,58.599,0,mines,,,
mins,18104,725,258.632,0,mins,,,
minsn,1935,584,27.642,0,minsn,,,
minty,1902,181,27.171,0,minty,,,
minutes,26335,730,376.226,0,minutes,MINUTES,NOUNS,NOUN.COMMUNICATION
minutesn,2240,603,31.999,0,minutesn,,,
misaki,3037,169,43.385,0,misaki,,,
miso,8750,177,124.999,0,miso,,,
mistakes,2634,647,37.628,0,mistakes,,,
mitch,1704,88,24.342,0,mitch,,,
miz,1640,63,23.428,0,miz,,,
mizu,3684,121,52.627,0,mizu,,,
mk,7500,664,107.142,0,mk,,,
mkay,1606,486,22.942,0,mkay,,,
mma,3904,613,55.77,0,mma,,,
mmm,15532,725,221.887,0,mmm,,,
mmmn,1886,548,26.942,0,mmmn,,,
moan,2643,513,37.756,0,moan,MOAN,NOUNS,NOUN.COMMUNICATION
mochi,14866,426,212.373,0,mochi,,,
modding,1887,454,26.956,0,modding,,,
moden,1913,539,27.328,0,moden,,,
moderators,2398,447,34.256,0,moderators,,,
modn,6152,678,87.884,0,modn,,,
momentn,2093,599,29.899,0,momentn,,,
moments,2484,635,35.485,0,moments,,,
momn,2992,632,42.742,0,momn,,,
momo,5183,456,74.042,0,momo,,,
moms,3773,692,53.899,0,moms,,,
mon,3412,666,48.742,0,mon,MON,NOUNS,NOUN.COMMUNICATION
moneyn,4698,683,67.113,0,moneyn,,,
monke,4074,430,58.199,0,monke,,,
monsters,1610,540,22.999,0,monsters,,,
monthn,2599,628,37.128,0,monthn,,,
months,27409,729,391.571,0,months,,,
monthsn,2245,607,32.071,0,monthsn,,,
moodn,1688,537,24.114,0,moodn,,,
moren,7083,708,101.184,0,moren,,,
mornin,3221,626,46.013,0,mornin,,,
morningn,4694,676,67.056,0,morningn,,,
moves,2671,675,38.156,0,moves,,,
movie,34836,726,497.683,0,movie,MOVIE,NOUNS,NOUN.COMMUNICATION
movien,2523,619,36.042,0,movien,,,
movies,9423,718,134.613,0,movies,,,
ms,11047,716,157.814,0,ms,MS,NOUNS,NOUN.COMMUNICATION
msgs,2716,606,38.799,0,msgs,,,
muchn,8471,711,121.013,0,muchn,,,
mud,2555,360,36.499,0,mud,MUD,NOUNS,NOUN.COMMUNICATION
mudae,1672,375,23.885,0,mudae,,,
mun,1959,141,27.985,0,mun,,,
mura,1879,58,26.842,0,mura,,,
murr,1750,68,24.999,0,murr,,,
muscles,1862,566,26.599,0,muscles,,,
musicn,4485,673,64.07,0,musicn,,,
mutedn,2764,618,39.485,0,mutedn,,,
muten,1793,536,25.614,0,muten,,,
mutes,1826,541,26.085,0,mutes,,,
muting,2339,584,33.413,0,muting,,,
mw,2557,611,36.528,0,mw,,,
mwah,2332,509,33.313,0,mwah,,,
myn,3073,667,43.899,0,myn,,,
myselfn,5694,695,81.342,0,myselfn,,,
na,17810,722,254.432,0,na,,,
nacht,6346,147,90.656,0,nacht,,,
nae,5482,603,78.313,0,nae,,,
naenae,2280,124,32.571,0,naenae,,,
nagito,6773,173,96.756,0,nagito,,,
nah,138797,731,1983.395,0.001,nah,,,
nahh,3645,649,52.07,0,nahh,,,
nahhh,2641,636,37.728,0,nahhh,,,
nahn,11591,715,165.585,0,nahn,,,
nails,3202,640,45.742,0,nails,,,
nalso,1904,542,27.199,0,nalso,,,
nam,2035,616,29.071,0,nam,,,
namen,14807,721,211.53,0,namen,,,
names,16384,723,234.059,0,names,NAMES,NOUNS,NOUN.COMMUNICATION
nana,4302,434,61.456,0,nana,,,
nanami,3194,109,45.628,0,nanami,,,
nand,10215,721,145.928,0,nand,,,
nani,19841,696,283.448,0,nani,,,
nanin,1913,481,27.328,0,nanin,,,
nao,2046,412,29.228,0,nao,,,
nare,1997,618,28.528,0,nare,,,
naruto,14676,708,209.658,0,naruto,,,
nas,2242,528,32.028,0,nas,,,
nat,3604,497,51.485,0,nat,,,
nate,2725,301,38.928,0,nate,,,
nathan,5084,303,72.627,0,nathan,,,
naw,4767,676,68.099,0,naw,,,
nbut,5643,700,80.613,0,nbut,,,
ncan,2605,655,37.213,0,ncan,,,
ndamn,1800,603,25.714,0,ndamn,,,
ndid,1960,615,27.999,0,ndid,,,
ndo,2701,656,38.585,0,ndo,,,
ndon,1735,576,24.785,0,ndon,,,
ndont,1613,589,23.042,0,ndont,,,
needa,3726,640,53.227,0,needa,,,
neko,16725,617,238.931,0,neko,,,
nekos,2645,315,37.785,0,nekos,,,
neli,1719,55,24.557,0,neli,,,
nemo,2468,290,35.256,0,nemo,,,
nep,5004,269,71.484,0,nep,,,
netflix,9606,715,137.228,0,netflix,,,
nev,2035,97,29.071,0,nev,,,
neverland,1703,453,24.328,0,neverland,,,
nevermind,3245,664,46.356,0,nevermind,,,
nevern,2181,603,31.156,0,nevern,,,
newn,2955,618,42.213,0,newn,,,
nezuko,2869,440,40.985,0,nezuko,,,
nfor,1604,583,22.914,0,nfor,,,
ngl,25540,728,364.868,0,ngl,,,
ngln,6327,672,90.384,0,ngln,,,
nhe,2964,663,42.342,0,nhe,,,
nhello,1650,567,23.571,0,nhello,,,
nhey,2199,597,31.414,0,nhey,,,
nhi,4489,674,64.127,0,nhi,,,
nhow,7760,713,110.856,0,nhow,,,
nhug,2354,205,33.628,0,nhug,,,
nic,1594,515,22.771,0,nic,,,
niceee,1814,573,25.914,0,niceee,,,
nicen,21033,725,300.477,0,nicen,,,
nickn,1706,374,24.371,0,nickn,,,
nickname,23218,717,331.694,0,nickname,NICKNAME,NOUNS,NOUN.COMMUNICATION
nicknamen,1618,526,23.114,0,nicknamen,,,
nicknames,2239,616,31.985,0,nicknames,,,
nico,38381,537,548.333,0,nico,,,
nidk,2162,646,30.885,0,nidk,,,
nif,3291,674,47.013,0,nif,,,
nightmares,2146,596,30.656,0,nightmares,,,
nightn,6177,700,88.242,0,nightn,,,
nights,2519,642,35.985,0,nights,,,
nighty,1846,452,26.371,0,nighty,,,
nii,30328,384,433.275,0,nii,,,
nikki,2999,310,42.842,0,nikki,,,
niko,5040,328,71.999,0,niko,,,
nin,3434,674,49.056,0,nin,,,
nini,3514,421,50.199,0,nini,,,
nintendo,3549,617,50.699,0,nintendo,,,
nis,5050,711,72.142,0,nis,,,
nitro,105111,722,1501.908,0.001,nitro,,,
nitron,10466,693,149.514,0,nitron,,,
nits,4832,695,69.027,0,nits,,,
njust,2343,640,33.471,0,njust,,,
nlike,3519,680,50.27,0,nlike,,,
nlmao,1933,588,27.614,0,nlmao,,,
nme,2242,652,32.028,0,nme,,,
nmy,3435,678,49.07,0,nmy,,,
nn,60584,729,865.582,0.001,nn,,,
nnn,4686,659,66.942,0,nnn,,,
nnnn,1631,464,23.299,0,nnnn,,,
nno,10433,719,149.042,0,nno,,,
nnot,3004,666,42.913,0,nnot,,,
noh,12020,724,171.714,0,noh,,,
noice,10465,704,149.499,0,noice,,,
noicen,2470,587,35.285,0,noicen,,,
noises,3367,664,48.099,0,noises,,,
nok,5188,698,74.113,0,nok,,,
nol,2588,578,36.971,0,nol,,,
nom,15698,617,224.259,0,nom,,,
nomg,1845,553,26.356,0,nomg,,,
non,93078,730,1329.934,0.001,non,,,
noni,6687,709,95.527,0,noni,,,
nonim,2187,623,31.242,0,nonim,,,
nonit,2290,602,32.714,0,nonit,,,
nonits,1700,591,24.285,0,nonits,,,
nonno,2870,658,40.999,0,nonno,,,
nono,5870,702,83.856,0,nono,,,
nonyou,1696,556,24.228,0,nonyou,,,
noo,8956,715,127.942,0,noo,,,
noob,8123,694,116.042,0,noob,,,
noobs,1853,531,26.471,0,noobs,,,
noodles,18318,689,261.689,0,noodles,,,
noone,3505,643,50.07,0,noone,,,
nooo,24123,725,344.623,0,nooo,,,
nooon,5179,684,73.984,0,nooon,,,
noot,2292,308,32.742,0,noot,,,
nop,2102,583,30.028,0,nop,,,
nope,32093,725,458.492,0,nope,,,
nopen,6061,704,86.584,0,nopen,,,
nora,3261,183,46.585,0,nora,,,
nori,2334,101,33.342,0,nori,,,
normaln,1601,555,22.871,0,normaln,,,
normie,1921,518,27.442,0,normie,,,
notes,3916,675,55.942,0,notes,,,
nothin,4056,687,57.942,0,nothin,,,
nothingn,4631,697,66.156,0,nothingn,,,
notifications,2132,601,30.456,0,notifications,,,
notn,15917,726,227.387,0,notn,,,
nou,1581,466,22.585,0,nou,,,
nown,37455,730,535.102,0,nown,,,
nowni,1584,584,22.628,0,nowni,,,
nowo,2383,339,34.042,0,nowo,,,
npat,1763,182,25.185,0,npat,,,
npn,2252,614,32.171,0,npn,,,
ns,4184,550,59.77,0,ns,,,
nsfw,23801,716,340.023,0,nsfw,,,
nsfwn,1767,515,25.242,0,nsfwn,,,
nso,5036,707,71.942,0,nso,,,
nthat,6167,701,88.099,0,nthat,,,
nthats,2890,664,41.285,0,nthats,,,
nthe,4048,694,57.827,0,nthe,,,
nthere,1765,572,25.214,0,nthere,,,
nthey,1824,591,26.056,0,nthey,,,
nthis,2628,660,37.542,0,nthis,,,
nu,16609,719,237.274,0,nu,NU,NOUNS,NOUN.COMMUNICATION
nudes,9268,580,132.399,0,nudes,,,
nuggets,3738,656,53.399,0,nuggets,,,
nuggies,2071,419,29.585,0,nuggies,,,
nuh,2533,608,36.185,0,nuh,,,
nun,3750,654,53.57,0,nun,NUN,NOUNS,NOUN.COMMUNICATION
nur,1860,566,26.571,0,nur,,,
nuu,2177,503,31.099,0,nuu,,,
nuuu,4937,615,70.527,0,nuuu,,,
nvm,31862,730,455.192,0,nvm,,,
nvmn,5295,713,75.642,0,nvmn,,,
nwait,3829,686,54.699,0,nwait,,,
nwe,2861,656,40.871,0,nwe,,,
nwelcome,8553,580,122.185,0,nwelcome,,,
nwell,2186,600,31.228,0,nwell,,,
nwhat,11011,721,157.299,0,nwhat,,,
nwhere,1921,609,27.442,0,nwhere,,,
nwho,3313,678,47.328,0,nwho,,,
nwhy,5462,711,78.027,0,nwhy,,,
nword,2320,561,33.142,0,nword,,,
nwow,1622,570,23.171,0,nwow,,,
nwtf,1917,603,27.385,0,nwtf,,,
nya,8498,599,121.399,0,nya,,,
nyan,3265,420,46.642,0,nyan,,,
nyeah,2488,631,35.542,0,nyeah,,,
nyes,4999,706,71.413,0,nyes,,,
nyou,9606,720,137.228,0,nyou,,,
obama,5674,657,81.056,0,obama,,,
ofc,21104,730,301.492,0,ofc,,,
ofcn,2381,611,34.013,0,ofcn,,,
offline,11137,714,159.099,0,offline,,,
offn,5521,701,78.87,0,offn,,,
ofn,2919,670,41.699,0,ofn,,,
og,8378,708,119.685,0,og,,,
ohh,19879,723,283.99,0,ohh,,,
ohhh,23487,728,335.537,0,ohhh,,,
ohhhn,3917,662,55.956,0,ohhhn,,,
ohhn,2427,624,34.671,0,ohhn,,,
ohn,40450,727,577.894,0,ohn,,,
ohni,2686,630,38.371,0,ohni,,,
oi,24070,720,343.866,0,oi,,,
oin,2788,605,39.828,0,oin,,,
okayn,13676,718,195.372,0,okayn,,,
oke,5360,630,76.57,0,oke,,,
okey,2275,558,32.499,0,okey,OKEY,NOUNS,NOUN.COMMUNICATION
oki,17589,716,251.274,0,oki,,,
okie,13236,712,189.086,0,okie,,,
okien,1700,495,24.285,0,okien,,,
okin,2491,540,35.585,0,okin,,,
okn,40756,730,582.267,0,okn,,,
okni,2905,640,41.499,0,okni,,,
okok,3417,642,48.813,0,okok,,,
oky,2229,243,31.842,0,oky,,,
ol,5703,698,81.47,0,ol,,,
oldn,4891,682,69.87,0,oldn,,,
olds,5526,707,78.942,0,olds,,,
ollie,2135,193,30.499,0,ollie,,,
om,4329,687,61.842,0,om,,,
omega,4002,463,57.17,0,omega,OMEGA,NOUNS,NOUN.COMMUNICATION
omfg,6163,704,88.042,0,omfg,,,
omg,115677,731,1652.924,0.001,omg,,,
omggg,2227,585,31.814,0,omggg,,,
omgn,9482,715,135.456,0,omgn,,,
oml,7094,699,101.342,0,oml,,,
omni,2715,147,38.785,0,omni,,,
omy,2154,136,30.771,0,omy,,,
oncen,3210,646,45.856,0,oncen,,,
onen,19153,726,273.618,0,onen,,,
ones,29106,730,415.816,0,ones,,,
onesn,1895,561,27.071,0,onesn,,,
ong,4754,573,67.913,0,ong,,,
onii,5084,432,72.627,0,onii,,,
online,47211,731,674.497,0,online,,,
onlinen,2967,672,42.385,0,onlinen,,,
onlyfans,1960,397,27.999,0,onlyfans,,,
onlyn,2351,598,33.585,0,onlyn,,,
onn,12775,724,182.5,0,onn,,,
onto,4528,699,64.684,0,onto,,,
oo,23618,724,337.409,0,oo,,,
oof,80806,730,1154.554,0.001,oof,,,
oofn,17950,705,256.432,0,oofn,,,
ooh,16737,729,239.102,0,ooh,,,
oohn,1693,497,24.185,0,oohn,,,
oon,3930,659,56.142,0,oon,,,
ooo,30084,725,429.789,0,ooo,,,
ooof,4356,647,62.227,0,ooof,,,
oooh,9373,710,133.899,0,oooh,,,
ooon,3513,648,50.185,0,ooon,,,
oop,32918,716,470.279,0,oop,,,
oopn,6622,641,94.599,0,oopn,,,
oops,10574,719,151.056,0,oops,,,
oopsn,1876,606,26.799,0,oopsn,,,
op,8688,712,124.113,0,op,,,
opinions,4189,689,59.842,0,opinions,,,
options,1958,597,27.971,0,options,,,
ora,1819,389,25.985,0,ora,,,
ori,3473,186,49.613,0,ori,,,
orn,2444,648,34.913,0,orn,,,
osu,13950,660,199.286,0,osu,,,
ot,4441,700,63.442,0,ot,,,
otaku,2930,467,41.856,0,otaku,,,
othern,1568,545,22.399,0,othern,,,
others,18600,729,265.718,0,others,,,
ou,6003,706,85.756,0,ou,,,
ouch,4695,699,67.07,0,ouch,,,
oui,4013,586,57.327,0,oui,,,
outn,13546,726,193.515,0,outn,,,
outta,4798,702,68.542,0,outta,,,
overn,2775,640,39.642,0,overn,,,
overrated,3519,678,50.27,0,overrated,,,
overwatch,3817,593,54.527,0,overwatch,,,
ow,24569,723,350.995,0,ow,,,
ownern,2070,546,29.571,0,ownern,,,
owners,3280,593,46.856,0,owners,,,
owns,2893,640,41.328,0,owns,,,
owo,83639,721,1195.04,0.001,owo,,,
owon,5627,608,80.384,0,owon,,,
oya,1605,239,22.928,0,oya,,,
page,4519,690,64.556,0,page,PAGE,NOUNS,NOUN.COMMUNICATION
pages,2320,624,33.142,0,pages,,,
paimon,1813,211,25.899,0,paimon,,,
painn,3541,609,50.585,0,painn,,,
pancakes,3041,627,43.442,0,pancakes,,,
papi,3690,580,52.713,0,papi,,,
paragraph,2183,625,31.185,0,paragraph,PARAGRAPH,NOUNS,NOUN.COMMUNICATION
parents,28920,733,413.158,0,parents,,,
partners,1796,526,25.656,0,partners,,,
partnership,2257,485,32.242,0,partnership,PARTNERSHIP,NOUNS,NOUN.COMMUNICATION
passed,7356,720,105.084,0,passed,,,
password,3131,642,44.728,0,password,PASSWORD,NOUNS,NOUN.COMMUNICATION
pats,8243,606,117.756,0,pats,,,
paypal,3361,620,48.013,0,paypal,,,
pcn,2507,606,35.813,0,pcn,,,
pe,2462,629,35.171,0,pe,PE,NOUNS,NOUN.COMMUNICATION
peace,8575,716,122.499,0,peace,PEACE,NOUNS,NOUN.COMMUNICATION
pedo,8233,589,117.613,0,pedo,,,
peeps,9427,708,134.67,0,peeps,,,
pengu,1882,157,26.885,0,pengu,,,
penta,5586,116,79.799,0,penta,,,
peoplen,11438,721,163.4,0,peoplen,,,
peoples,4810,710,68.713,0,peoples,,,
pepe,6656,656,95.084,0,pepe,,,
per,8809,718,125.842,0,per,,,
period,6700,711,95.713,0,period,PERIOD,NOUNS,NOUN.COMMUNICATION
periods,1622,534,23.171,0,periods,,,
perks,2159,578,30.842,0,perks,,,
permissions,1576,487,22.514,0,permissions,,,
perms,17685,710,252.646,0,perms,,,
permsn,2010,490,28.714,0,permsn,,,
personn,6526,708,93.227,0,personn,,,
petition,3449,619,49.27,0,petition,PETITION,NOUNS,NOUN.COMMUNICATION
pets,3966,655,56.656,0,pets,,,
pewdiepie,3087,506,44.099,0,pewdiepie,,,
pfff,1569,477,22.414,0,pfff,,,
pffft,2049,542,29.271,0,pffft,,,
pfft,4739,662,67.699,0,pfft,,,
pfp,124298,727,1776.146,0.001,pfp,,,
pfpn,13403,713,191.472,0,pfpn,,,
pfps,8381,712,119.727,0,pfps,,,
phew,1589,565,22.699,0,phew,,,
phil,1996,437,28.514,0,phil,,,
phonen,3982,673,56.885,0,phonen,,,
phones,4195,688,59.927,0,phones,,,
photos,4016,699,57.37,0,photos,,,
photoshop,2369,593,33.842,0,photoshop,,,
phrase,1607,561,22.957,0,phrase,PHRASE,NOUNS,NOUN.COMMUNICATION
pichu,3459,137,49.413,0,pichu,,,
picked,3923,695,56.042,0,picked,,,
picn,3039,628,43.413,0,picn,,,
pico,2794,532,39.913,0,pico,,,
pics,30131,726,430.46,0,pics,,,
picsn,3114,598,44.485,0,picsn,,,
pictures,10705,722,152.928,0,pictures,,,
pie,10392,675,148.456,0,pie,PIE,NOUNS,NOUN.COMMUNICATION
pieces,2038,602,29.114,0,pieces,,,
pikachu,3060,595,43.713,0,pikachu,,,
pills,3398,658,48.542,0,pills,,,
pingable,2273,333,32.471,0,pingable,,,
pinged,26256,721,375.098,0,pinged,,,
pinging,11812,715,168.743,0,pinging,,,
pingn,4239,678,60.556,0,pingn,,,
pings,14006,717,200.086,0,pings,,,
pingu,3734,294,53.342,0,pingu,,,
pins,1824,537,26.056,0,pins,,,
pizzan,2105,567,30.071,0,pizzan,,,
placen,2774,631,39.628,0,placen,,,
places,5584,700,79.77,0,places,,,
plans,3365,657,48.07,0,plans,,,
plants,1688,525,24.114,0,plants,,,
players,4858,676,69.399,0,players,,,
playin,3745,670,53.499,0,playin,,,
playlist,7025,700,100.356,0,playlist,PLAYLIST,NOUNS,NOUN.COMMUNICATION
playn,3033,652,43.328,0,playn,,,
plays,12433,714,177.614,0,plays,,,
pleasen,7582,714,108.313,0,pleasen,,,
pls,86143,729,1230.824,0.001,pls,,,
plsn,8583,710,122.613,0,plsn,,,
plz,13454,721,192.2,0,plz,,,
plzn,1768,527,25.257,0,plzn,,,
pmn,3419,654,48.842,0,pmn,,,
pn,25766,725,368.097,0,pn,,,
pocky,6416,258,91.656,0,pocky,,,
poem,1773,527,25.328,0,poem,POEM,NOUNS,NOUN.COMMUNICATION
pog,21618,689,308.835,0,pog,,,
poggers,6268,627,89.542,0,poggers,,,
pogn,4145,563,59.213,0,pogn,,,
pointn,3031,631,43.299,0,pointn,,,
points,16627,689,237.531,0,points,,,
pokemon,14642,713,209.172,0,pokemon,,,
poo,3063,634,43.756,0,poo,,,
pookie,1996,57,28.514,0,pookie,,,
poppin,2548,623,36.399,0,poppin,,,
pops,1894,585,27.056,0,pops,,,
por,1824,539,26.056,0,por,,,
posts,2066,590,29.514,0,posts,,,
potatoes,2911,613,41.585,0,potatoes,,,
pounds,2677,644,38.242,0,pounds,,,
powers,3209,678,45.842,0,powers,,,
pp,25637,714,366.254,0,pp,,,
ppl,56201,731,802.953,0.001,ppl,,,
ppln,2778,599,39.685,0,ppln,,,
ppn,3307,553,47.242,0,ppn,,,
praise,1971,586,28.156,0,praise,PRAISE,NOUNS,NOUN.COMMUNICATION
pre,2562,623,36.599,0,pre,,,
prefix,2720,503,38.856,0,prefix,PREFIX,NOUNS,NOUN.COMMUNICATION
prob,11092,724,158.457,0,prob,,,
problemn,2258,617,32.256,0,problemn,,,
problems,9485,724,135.499,0,problems,,,
probs,5841,696,83.442,0,probs,,,
profile,24853,722,355.053,0,profile,PROFILE,NOUNS,NOUN.COMMUNICATION
profilen,1753,471,25.042,0,profilen,,,
prolly,8566,710,122.37,0,prolly,,,
promo,2508,561,35.828,0,promo,,,
promoted,3020,591,43.142,0,promoted,,,
pronouns,3111,518,44.442,0,pronouns,,,
ps,15492,716,221.316,0,ps,PS,NOUNS,NOUN.COMMUNICATION
pubg,2469,538,35.271,0,pubg,,,
pun,2024,536,28.914,0,pun,PUN,NOUNS,NOUN.COMMUNICATION
puts,3303,659,47.185,0,puts,,,
pwease,2274,533,32.485,0,pwease,,,
pyro,3716,277,53.085,0,pyro,,,
qn,2675,591,38.213,0,qn,,,
qt,22885,661,326.936,0,qt,,,
qtn,4165,484,59.499,0,qtn,,,
qts,1637,394,23.385,0,qts,,,
qu,2640,286,37.713,0,qu,,,
que,7538,703,107.684,0,que,,,
questionn,4840,690,69.142,0,questionn,,,
questions,10596,720,151.371,0,questions,,,
quinn,1581,213,22.585,0,quinn,,,
quiz,2390,572,34.142,0,quiz,QUIZ,NOUNS,NOUN.COMMUNICATION
quote,7144,697,102.056,0,quote,QUOTE,NOUNS,NOUN.COMMUNICATION
qwq,3101,379,44.299,0,qwq,,,
rae,6125,368,87.499,0,rae,,,
rai,3518,132,50.256,0,rai,,,
raided,2476,600,35.371,0,raided,,,
ramen,9159,691,130.842,0,ramen,,,
ran,10270,719,146.713,0,ran,,,
rankn,5266,609,75.227,0,rankn,,,
ranks,2247,596,32.099,0,ranks,,,
rats,2364,575,33.771,0,rats,,,
rawr,5183,666,74.042,0,rawr,,,
rawrz,4063,52,58.042,0,rawrz,,,
rd,9426,723,134.656,0,rd,,,
rea,1754,248,25.057,0,rea,,,
reached,3453,683,49.328,0,reached,,,
reactions,5324,668,76.056,0,reactions,,,
read,93281,732,1332.835,0.001,read,READ,NOUNS,NOUN.COMMUNICATION
readn,1606,562,22.942,0,readn,,,
reallyn,4261,682,60.87,0,reallyn,,,
realn,2564,618,36.628,0,realn,,,
reasonn,3874,667,55.342,0,reasonn,,,
reasons,5927,715,84.67,0,reasons,,,
recommendations,3545,654,50.642,0,recommendations,,,
reddit,4842,646,69.17,0,reddit,,,
redn,2357,594,33.671,0,redn,,,
ree,1971,516,28.156,0,ree,,,
reee,5399,639,77.127,0,reee,,,
referring,2180,586,31.142,0,referring,,,
rei,3356,265,47.942,0,rei,,,
rekt,2390,591,34.142,0,rekt,,,
relatable,2053,600,29.328,0,relatable,,,
relationships,3663,655,52.327,0,relationships,,,
remembern,2244,604,32.056,0,remembern,,,
remembers,1822,586,26.028,0,remembers,,,
reminded,1853,586,26.471,0,reminded,,,
reminds,7728,720,110.399,0,reminds,,,
remix,1690,535,24.142,0,remix,,,
ren,6763,593,96.613,0,ren,,,
replied,2369,663,33.842,0,replied,,,
reply,9173,726,131.042,0,reply,REPLY,NOUNS,NOUN.COMMUNICATION
replying,2413,581,34.471,0,replying,,,
req,1611,529,23.014,0,req,,,
request,9916,722,141.656,0,request,REQUEST,NOUNS,NOUN.COMMUNICATION
requests,2850,649,40.713,0,requests,,,
responded,1784,600,25.485,0,responded,,,
responding,1955,619,27.928,0,responding,,,
result,1987,592,28.385,0,result,RESULT,NOUNS,NOUN.COMMUNICATION
results,2963,641,42.328,0,results,,,
returned,2223,623,31.756,0,returned,,,
revealn,1659,474,23.699,0,revealn,,,
rico,1814,256,25.914,0,rico,RICO,NOUNS,NOUN.COMMUNICATION
rightn,9848,716,140.685,0,rightn,,,
rights,3718,670,53.113,0,rights,,,
rikka,2613,258,37.328,0,rikka,,,
riku,4463,149,63.756,0,riku,,,
rin,6276,514,89.656,0,rin,,,
ripn,6461,692,92.299,0,ripn,,,
rl,1677,559,23.957,0,rl,,,
rlly,17333,727,247.617,0,rlly,,,
rly,11545,717,164.928,0,rly,,,
rnn,18654,719,266.489,0,rnn,,,
ro,2887,661,41.242,0,ro,RO,NOUNS,NOUN.COMMUNICATION
robbie,5953,178,85.042,0,robbie,,,
roblox,28905,719,412.944,0,roblox,,,
robux,5568,582,79.542,0,robux,,,
rocks,1966,594,28.085,0,rocks,,,
rofl,2302,242,32.885,0,rofl,,,
roku,2908,97,41.542,0,roku,,,
rolen,6117,677,87.384,0,rolen,,,
roles,62746,726,896.476,0.001,roles,,,
rolesn,4661,647,66.584,0,rolesn,,,
rolls,2599,623,37.128,0,rolls,,,
ron,1968,375,28.114,0,ron,RON,NOUNS,NOUN.COMMUNICATION
roo,4562,272,65.17,0,roo,,,
roomn,2557,634,36.528,0,roomn,,,
roses,4609,643,65.842,0,roses,,,
rosey,1698,122,24.257,0,rosey,,,
rosie,3126,278,44.656,0,rosie,,,
royale,1813,532,25.899,0,royale,,,
rp,6536,678,93.37,0,rp,,,
rq,3166,643,45.228,0,rq,,,
rr,2065,355,29.499,0,rr,,,
ruden,2082,601,29.742,0,ruden,,,
rules,58600,723,837.232,0.001,rules,,,
rulesn,3831,612,54.727,0,rulesn,,,
runs,4078,708,58.256,0,runs,,,
ry,3990,459,56.999,0,ry,,,
ryan,4758,487,67.97,0,ryan,,,
rychu,9359,58,133.699,0,rychu,,,
ryo,3975,133,56.785,0,ryo,,,
rythm,2044,479,29.199,0,rythm,,,
sadn,10722,720,153.171,0,sadn,,,
saidn,5490,703,78.427,0,saidn,,,
sakura,9389,547,134.128,0,sakura,,,
sakuras,5273,68,75.327,0,sakuras,,,
sama,5055,536,72.213,0,sama,,,
samen,15845,724,226.359,0,samen,,,
sammy,2237,274,31.956,0,sammy,,,
samn,1633,346,23.328,0,samn,,,
samsung,2880,585,41.142,0,samsung,,,
san,10571,692,151.014,0,san,,,
sangwoo,12688,266,181.257,0,sangwoo,,,
sans,3894,514,55.627,0,sans,,,
santa,3989,588,56.985,0,santa,,,
sao,3155,569,45.07,0,sao,,,
sara,2294,223,32.771,0,sara,,,
sarcasm,2001,599,28.585,0,sarcasm,SARCASM,NOUNS,NOUN.COMMUNICATION
sasha,2525,249,36.071,0,sasha,,,
sasuke,2814,543,40.199,0,sasuke,,,
saya,13624,193,194.629,0,saya,,,
sayin,3414,680,48.77,0,sayin,,,
saying,82871,733,1184.064,0.001,saying,SAYING,NOUNS,NOUN.COMMUNICATION
sayingn,1996,622,28.514,0,sayingn,,,
sayn,7020,715,100.284,0,sayn,,,
says,58860,732,840.947,0.001,says,,,
sb,3978,243,56.827,0,sb,SB,NOUNS,NOUN.COMMUNICATION
scammed,2108,601,30.114,0,scammed,,,
scaredn,1965,595,28.071,0,scaredn,,,
scares,2387,644,34.099,0,scares,,,
scarlett,5627,123,80.384,0,scarlett,,,
scaryn,2182,570,31.171,0,scaryn,,,
schooln,7952,700,113.599,0,schooln,,,
schools,4270,675,60.999,0,schools,,,
scream,5582,715,79.742,0,scream,SCREAM,NOUNS,NOUN.COMMUNICATION
screenshot,5247,695,74.956,0,screenshot,,,
screenshots,2081,610,29.728,0,screenshots,,,
script,2053,567,29.328,0,script,SCRIPT,NOUNS,NOUN.COMMUNICATION
scroll,5095,702,72.784,0,scroll,SCROLL,NOUNS,NOUN.COMMUNICATION
searched,2658,659,37.971,0,searched,,,
seasons,2461,606,35.156,0,seasons,,,
secn,1966,618,28.085,0,secn,,,
seconds,14162,721,202.315,0,seconds,,,
secs,2095,573,29.928,0,secs,,,
sed,1865,487,26.642,0,sed,,,
seee,1874,582,26.771,0,seee,,,
seemed,1741,587,24.871,0,seemed,,,
seems,20947,727,299.249,0,seems,,,
seen,79351,729,1133.761,0.001,seen,,,
sees,3620,688,51.713,0,sees,,,
selfadvertising,1997,51,28.528,0,selfadvertising,,,
selfie,12344,688,176.343,0,selfie,,,
selfies,11003,661,157.185,0,selfies,,,
selfroles,4743,88,67.756,0,selfroles,,,
semis,3184,61,45.485,0,semis,,,
sends,2319,641,33.128,0,sends,,,
senko,1871,292,26.728,0,senko,,,
senpai,17589,693,251.274,0,senpai,,,
senpain,2035,448,29.071,0,senpain,,,
sensei,2952,518,42.17,0,sensei,,,
sensen,2753,649,39.328,0,sensen,,,
sentences,1867,593,26.671,0,sentences,,,
seo,7719,54,110.27,0,seo,,,
servern,21473,720,306.763,0,servern,,,
servers,32986,724,471.251,0,servers,,,
serversn,2440,584,34.856,0,serversn,,,
setnick,4374,202,62.485,0,setnick,,,
settings,3600,670,51.427,0,settings,,,
sev,1952,77,27.885,0,sev,,,
sfe,5152,134,73.599,0,sfe,,,
sfw,12646,621,180.657,0,sfw,,,
sh,3033,670,43.328,0,sh,,,
sha,1818,233,25.971,0,sha,,,
shall,17785,725,254.074,0,shall,,,
shane,1641,352,23.442,0,shane,,,
shawty,3328,508,47.542,0,shawty,,,
sheesh,1806,505,25.799,0,sheesh,,,
shes,35515,728,507.384,0,shes,,,
shh,3866,670,55.227,0,shh,,,
shhh,7994,709,114.199,0,shhh,,,
shhhn,1898,595,27.114,0,shhhn,,,
shi,3649,663,52.127,0,shi,,,
shinobu,1602,266,22.885,0,shinobu,,,
shipped,1906,509,27.228,0,shipped,,,
ships,1989,549,28.414,0,ships,,,
shiro,8605,379,122.927,0,shiro,,,
shitn,1856,521,26.514,0,shitn,,,
shitpost,2008,296,28.685,0,shitpost,,,
shorter,3159,664,45.128,0,shorter,,,
shortn,1939,547,27.699,0,shortn,,,
shota,1903,312,27.185,0,shota,,,
shots,2534,632,36.199,0,shots,,,
shouldnt,8208,720,117.256,0,shouldnt,,,
shouldve,2841,660,40.585,0,shouldve,,,
shout,1587,575,22.671,0,shout,SHOUT,NOUNS,NOUN.COMMUNICATION
showed,5744,709,82.056,0,showed,,,
showern,1616,528,23.085,0,showern,,,
shown,3275,686,46.785,0,shown,,,
shows,9277,722,132.528,0,shows,,,
shrek,5159,654,73.699,0,shrek,,,
sht,1903,542,27.185,0,sht,,,
shu,2388,303,34.113,0,shu,,,
shutup,2706,538,38.656,0,shutup,,,
si,7253,707,103.613,0,si,SI,NOUNS,NOUN.COMMUNICATION
siblings,3688,666,52.685,0,siblings,,,
sides,2187,634,31.242,0,sides,,,
sigh,5004,689,71.484,0,sigh,SIGH,NOUNS,NOUN.COMMUNICATION
signs,1710,587,24.428,0,signs,,,
sike,2825,641,40.356,0,sike,,,
sim,2851,575,40.728,0,sim,,,
simp,60085,614,858.452,0.001,simp,,,
simping,12662,566,180.886,0,simping,,,
simpn,6308,530,90.113,0,simpn,,,
simps,10376,563,148.228,0,simps,,,
sims,1791,466,25.585,0,sims,,,
since,78034,731,1114.941,0.001,since,,,
singn,1939,486,27.699,0,singn,,,
sins,4527,647,64.67,0,sins,,,
siri,2321,383,33.156,0,siri,,,
sirn,2463,585,35.185,0,sirn,,,
sistern,1681,514,24.014,0,sistern,,,
sisters,4663,694,66.613,0,sisters,,,
site,4538,689,64.827,0,site,SITE,NOUNS,NOUN.COMMUNICATION
skills,3701,678,52.87,0,skills,,,
skins,2499,559,35.699,0,skins,,,
skipped,2421,651,34.585,0,skipped,,,
skribbl,1584,378,22.628,0,skribbl,,,
skrrt,53502,241,764.387,0,skrrt,,,
skyler,3299,118,47.128,0,skyler,,,
skype,1613,462,23.042,0,skype,,,
skyrim,1831,462,26.156,0,skyrim,,,
slang,1691,549,24.157,0,slang,SLANG,NOUNS,NOUN.COMMUNICATION
slapping,1673,504,23.899,0,slapping,,,
slaps,2782,657,39.742,0,slaps,,,
slaves,1672,459,23.885,0,slaves,,,
sleepingn,2425,632,34.642,0,sleepingn,,,
sleepn,18514,724,264.489,0,sleepn,,,
sleeps,2393,637,34.185,0,sleeps,,,
sleepyn,1697,511,24.242,0,sleepyn,,,
slep,3980,609,56.856,0,slep,,,
slept,15347,722,219.244,0,slept,,,
slowmode,14509,431,207.272,0,slowmode,,,
slown,1578,563,22.542,0,slown,,,
slurs,1681,485,24.014,0,slurs,,,
sm,3889,677,55.556,0,sm,SM,NOUNS,NOUN.COMMUNICATION
smells,3159,667,45.128,0,smells,,,
smh,40114,724,573.094,0,smh,,,
smhn,12828,715,183.257,0,smhn,,,
smile,7702,708,110.027,0,smile,SMILE,NOUNS,NOUN.COMMUNICATION
smiley,1655,342,23.642,0,smiley,SMILEY,NOUNS,NOUN.COMMUNICATION
smol,12282,687,175.457,0,smol,,,
smth,11589,723,165.557,0,smth,,,
smthn,2268,585,32.399,0,smthn,,,
snacc,2147,314,30.671,0,snacc,,,
snacks,2038,578,29.114,0,snacks,,,
snakes,1732,525,24.742,0,snakes,,,
snapchat,3775,628,53.927,0,snapchat,,,
snek,4303,330,61.47,0,snek,,,
snipen,2497,327,35.671,0,snipen,,,
socks,7968,683,113.827,0,socks,,,
software,1894,524,27.056,0,software,SOFTWARE,NOUNS,NOUN.COMMUNICATION
somen,2070,603,29.571,0,somen,,,
someonen,4075,681,58.213,0,someonen,,,
someones,5592,713,79.884,0,someones,,,
somethin,2809,641,40.128,0,somethin,,,
somethingn,8089,711,115.556,0,somethingn,,,
sometimesn,2783,617,39.756,0,sometimesn,,,
songn,6024,695,86.056,0,songn,,,
songs,21196,725,302.806,0,songs,,,
songsn,1694,543,24.199,0,songsn,,,
sonn,1970,554,28.142,0,sonn,,,
soo,12285,721,175.5,0,soo,,,
soonn,5167,692,73.813,0,soonn,,,
sooo,15158,725,216.544,0,sooo,,,
sooon,1818,580,25.971,0,sooon,,,
sora,17564,420,250.917,0,sora,,,
sorryn,10676,717,152.514,0,sorryn,,,
sorta,2749,627,39.271,0,sorta,,,
souls,4265,614,60.927,0,souls,,,
sounddrout,4613,90,65.899,0,sounddrout,,,
sounds,47620,730,680.341,0,sounds,,,
sowwy,2887,601,41.242,0,sowwy,,,
spam,54971,724,785.377,0.001,spam,SPAM,NOUNS,NOUN.COMMUNICATION
spammed,4172,691,59.599,0,spammed,,,
spamming,21808,718,311.549,0,spamming,,,
spamn,4086,650,58.37,0,spamn,,,
speaks,3133,680,44.756,0,speaks,,,
spell,13362,721,190.886,0,spell,SPELL,NOUNS,NOUN.COMMUNICATION
spelled,3340,692,47.713,0,spelled,,,
spelling,5384,705,76.913,0,spelling,SPELLING,NOUNS,NOUN.COMMUNICATION
spiderman,2016,500,28.799,0,spiderman,,,
spiders,3099,581,44.27,0,spiders,,,
spoilers,5482,645,78.313,0,spoilers,,,
spongebob,2790,624,39.856,0,spongebob,,,
sports,5107,696,72.956,0,sports,,,
spotify,12824,718,183.2,0,spotify,,,
srry,3077,639,43.956,0,srry,,,
srsly,2384,620,34.056,0,srsly,,,
sry,5546,700,79.227,0,sry,,,
st,26193,725,374.197,0,st,,,
staffn,3215,555,45.928,0,staffn,,,
stan,5915,669,84.499,0,stan,,,
starbucks,1878,537,26.828,0,starbucks,,,
stars,5713,707,81.613,0,stars,,,
started,34997,729,499.983,0,started,,,
starts,10005,719,142.928,0,starts,,,
statement,2503,620,35.756,0,statement,STATEMENT,NOUNS,NOUN.COMMUNICATION
states,4183,678,59.756,0,states,,,
stats,3067,588,43.813,0,stats,,,
statusn,1621,514,23.157,0,statusn,,,
stayed,4021,700,57.442,0,stayed,,,
staying,6633,719,94.756,0,staying,,,
stayn,2602,528,37.171,0,stayn,,,
steve,4287,568,61.242,0,steve,,,
steven,3897,479,55.67,0,steven,,,
stfu,10686,685,152.656,0,stfu,,,
stfun,2464,526,35.199,0,stfun,,,
stg,1868,546,26.685,0,stg,,,
sticks,2296,599,32.799,0,sticks,,,
stilln,2226,610,31.799,0,stilln,,,
stoopid,1639,558,23.414,0,stoopid,,,
stopn,7060,711,100.856,0,stopn,,,
stores,1693,544,24.185,0,stores,,,
stories,3990,664,56.999,0,stories,,,
storyn,2076,583,29.656,0,storyn,,,
strangers,1935,589,27.642,0,strangers,,,
streaks,1661,380,23.728,0,streaks,,,
streets,2175,613,31.071,0,streets,,,
stress,4484,680,64.056,0,stress,STRESS,NOUNS,NOUN.COMMUNICATION
stronger,2726,646,38.942,0,stronger,,,
stu,1883,183,26.899,0,stu,,,
students,2664,610,38.056,0,students,,,
studies,2223,609,31.756,0,studies,,,
studying,7343,707,104.899,0,studying,STUDYING,NOUNS,NOUN.COMMUNICATION
stuffn,6459,699,92.27,0,stuffn,,,
su,2821,603,40.299,0,su,,,
subs,3771,600,53.87,0,subs,,,
succ,2359,460,33.699,0,succ,,,
sucks,2109,624,30.128,0,sucks,,,
suggestions,5304,694,75.77,0,suggestions,,,
summoned,2736,631,39.085,0,summoned,,,
sumn,2545,543,36.356,0,sumn,,,
supn,3451,649,49.299,0,supn,,,
suren,8969,713,128.127,0,suren,,,
susn,2929,486,41.842,0,susn,,,
swearing,5081,629,72.584,0,swearing,SWEARING,NOUNS,NOUN.COMMUNICATION
swearn,1630,550,23.285,0,swearn,,,
switched,1999,632,28.556,0,switched,,,
tacos,2271,558,32.442,0,tacos,,,
tae,2628,275,37.542,0,tae,,,
tags,1938,561,27.685,0,tags,,,
taiga,2022,294,28.885,0,taiga,,,
takes,13896,727,198.515,0,takes,,,
taki,2595,201,37.071,0,taki,,,
tal,3706,284,52.942,0,tal,,,
talked,13317,726,190.243,0,talked,,,
talkin,7423,707,106.042,0,talkin,,,
talkingn,2085,606,29.785,0,talkingn,,,
talkn,4809,693,68.699,0,talkn,,,
talks,5751,712,82.156,0,talks,TALKS,NOUNS,NOUN.COMMUNICATION
taller,6894,690,98.484,0,taller,,,
tamaki,6500,172,92.856,0,tamaki,,,
tanks,1662,501,23.742,0,tanks,,,
tanky,2770,67,39.571,0,tanky,,,
tasted,1720,568,24.571,0,tasted,,,
tastes,5124,694,73.199,0,tastes,,,
taxes,1827,549,26.099,0,taxes,,,
tay,1671,300,23.871,0,tay,TAY,NOUNS,NOUN.COMMUNICATION
tbf,2383,510,34.042,0,tbf,,,
tbh,39380,731,562.606,0,tbh,,,
tbhn,7711,693,110.156,0,tbhn,,,
te,4581,688,65.442,0,te,TE,NOUNS,NOUN.COMMUNICATION
teachers,5954,707,85.056,0,teachers,,,
tean,2239,558,31.985,0,tean,,,
teehee,1607,449,22.957,0,teehee,,,
teh,1593,529,22.757,0,teh,,,
tek,2697,90,38.528,0,tek,,,
tells,4190,701,59.856,0,tells,,,
teo,4366,140,62.37,0,teo,,,
terraria,2634,491,37.628,0,terraria,,,
tesco,1682,221,24.028,0,tesco,,,
testn,1977,578,28.242,0,testn,,,
tests,2727,636,38.956,0,tests,,,
text,20497,724,292.82,0,text,TEXT,NOUNS,NOUN.COMMUNICATION
texted,1800,610,25.714,0,texted,,,
texting,3605,687,51.499,0,texting,,,
texts,2012,625,28.742,0,texts,,,
tf,63736,729,910.622,0.001,tf,,,
tfn,5589,682,79.842,0,tfn,,,
tfw,3833,499,54.756,0,tfw,,,
tha,2995,672,42.785,0,tha,,,
thanksgiving,1751,302,25.014,0,thanksgiving,THANKSGIVING,NOUNS,NOUN.COMMUNICATION
thanksn,7892,712,112.742,0,thanksn,,,
thanos,3877,546,55.385,0,thanos,,,
thas,1793,529,25.614,0,thas,,,
thatn,44065,729,629.546,0,thatn,,,
thatni,2177,613,31.099,0,thatni,,,
thats,235220,734,3362.021,0.002,thats,,,
thay,1788,602,25.542,0,thay,,,
thee,1934,537,27.628,0,thee,,,
themn,13659,722,195.129,0,themn,,,
thenn,14614,719,208.772,0,thenn,,,
theren,12862,722,183.743,0,theren,,,
theres,48579,727,694.044,0,theres,,,
theyll,1729,583,24.699,0,theyll,,,
theyre,20493,727,292.762,0,theyre,,,
thi,1624,605,23.199,0,thi,,,
thicc,8691,699,124.156,0,thicc,,,
thighs,15540,663,222.001,0,thighs,,,
thighsn,2053,451,29.328,0,thighsn,,,
thingn,8324,712,118.913,0,thingn,,,
thingsn,3759,679,53.699,0,thingsn,,,
thingy,5456,708,77.942,0,thingy,,,
thinkn,7613,717,108.756,0,thinkn,,,
thinks,11017,722,157.385,0,thinks,,,
thisn,14949,723,213.558,0,thisn,,,
thn,2071,605,29.585,0,thn,,,
tho,147096,733,2102.027,0.001,tho,THO,NOUNS,NOUN.COMMUNICATION
thon,29414,724,420.216,0,thon,,,
thot,4711,574,67.299,0,thot,,,
thoughn,7320,690,104.57,0,thoughn,,,
thoughts,6222,715,88.884,0,thoughts,,,
threat,2196,621,31.371,0,threat,THREAT,NOUNS,NOUN.COMMUNICATION
threw,3769,694,53.842,0,threw,,,
throwing,3417,679,48.813,0,throwing,,,
throws,1788,547,25.542,0,throws,,,
thru,3277,674,46.813,0,thru,,,
tht,4321,632,61.727,0,tht,,,
thx,18820,723,268.861,0,thx,,,
thxn,2532,603,36.171,0,thxn,,,
thy,2014,579,28.771,0,thy,,,
ti,4343,698,62.042,0,ti,TI,NOUNS,NOUN.COMMUNICATION
tickets,11093,510,158.471,0,tickets,,,
tiddies,1923,416,27.471,0,tiddies,,,
tik,5789,678,82.699,0,tik,,,
tiktok,8746,672,124.942,0,tiktok,,,
til,3822,678,54.599,0,til,,,
tim,5988,497,85.542,0,tim,,,
timen,19110,729,273.004,0,timen,,,
timesn,4933,693,70.47,0,timesn,,,
timezone,2773,633,39.613,0,timezone,,,
timmy,2481,332,35.442,0,timmy,,,
tip,2837,654,40.528,0,tip,TIP,NOUNS,NOUN.COMMUNICATION
tips,3672,693,52.456,0,tips,,,
tiredn,4590,677,65.57,0,tiredn,,,
tis,3216,617,45.942,0,tis,,,
tits,2041,381,29.156,0,tits,,,
tmr,2994,635,42.77,0,tmr,,,
tmrw,2705,618,38.642,0,tmrw,,,
tni,1946,610,27.799,0,tni,,,
toasty,2742,197,39.171,0,toasty,,,
tobi,1665,196,23.785,0,tobi,,,
todayn,10517,719,150.242,0,todayn,,,
toes,7169,695,102.413,0,toes,,,
tofuuu,24175,60,345.366,0,tofuuu,,,
togethern,2647,593,37.813,0,togethern,,,
tok,4919,672,70.27,0,tok,,,
told,56023,732,800.409,0.001,told,,,
tomi,6549,156,93.556,0,tomi,,,
tommorow,2108,591,30.114,0,tommorow,,,
tomorrown,3128,653,44.685,0,tomorrown,,,
tonightn,1653,521,23.614,0,tonightn,,,
tony,2802,493,40.028,0,tony,,,
took,33995,729,485.667,0,took,,,
toon,29756,728,425.103,0,toon,,,
tooo,3496,680,49.942,0,tooo,,,
topicn,6039,543,86.27,0,topicn,,,
topics,2733,608,39.042,0,topics,,,
tos,2448,600,34.971,0,tos,,,
towards,5321,711,76.013,0,towards,,,
toxicn,1915,545,27.356,0,toxicn,,,
trans,5478,677,78.256,0,trans,,,
trapn,2120,478,30.285,0,trapn,,,
traps,4220,562,60.285,0,traps,,,
trashn,2407,580,34.385,0,trashn,,,
travis,2607,468,37.242,0,travis,,,
trees,2971,643,42.442,0,trees,,,
tries,2773,670,39.613,0,tries,,,
triggered,2867,647,40.956,0,triggered,,,
trolls,2461,574,35.156,0,trolls,,,
tru,5424,684,77.484,0,tru,,,
truen,8388,708,119.827,0,truen,,,
tryn,2153,641,30.756,0,tryn,,,
tryna,21914,722,313.064,0,tryna,,,
trynna,2811,590,40.156,0,trynna,,,
ts,2344,636,33.485,0,ts,,,
tsk,2362,476,33.742,0,tsk,,,
tsuki,1849,209,26.414,0,tsuki,,,
tsundere,3382,449,48.313,0,tsundere,,,
tu,5065,680,72.356,0,tu,,,
turns,6278,715,89.684,0,turns,,,
turtles,1629,522,23.271,0,turtles,,,
tw,3131,535,44.728,0,tw,,,
ty,45820,729,654.622,0,ty,,,
tyn,5173,685,73.899,0,tyn,,,
typen,1933,608,27.614,0,typen,,,
types,4326,707,61.799,0,types,,,
typing,21893,726,312.764,0,typing,TYPING,NOUNS,NOUN.COMMUNICATION
typo,2729,638,38.985,0,typo,TYPO,NOUNS,NOUN.COMMUNICATION
tysm,2434,571,34.771,0,tysm,,,
tyty,2470,583,35.285,0,tyty,,,
uchiha,1585,332,22.642,0,uchiha,,,
ugh,16056,722,229.373,0,ugh,,,
ughn,1633,552,23.328,0,ughn,,,
uglyn,1722,520,24.599,0,uglyn,,,
uh,77187,730,1102.837,0.001,uh,,,
uhh,23450,727,335.008,0,uhh,,,
uhhh,22747,724,324.965,0,uhhh,,,
uhhhn,3999,683,57.127,0,uhhhn,,,
uhhn,3551,657,50.728,0,uhhn,,,
uhm,12965,724,185.214,0,uhm,,,
uhmn,1879,584,26.842,0,uhmn,,,
uhn,11436,715,163.371,0,uhn,,,
ulti,3549,96,50.699,0,ulti,,,
um,33949,727,485.01,0,um,,,
umm,13341,723,190.586,0,umm,,,
ummm,7259,712,103.699,0,ummm,,,
ummn,1593,520,22.757,0,ummn,,,
umn,3354,664,47.913,0,umn,,,
unban,5031,620,71.87,0,unban,,,
unbanned,3526,618,50.37,0,unbanned,,,
underaged,2825,566,40.356,0,underaged,,,
understandn,2091,607,29.871,0,understandn,,,
undertale,1750,441,24.999,0,undertale,,,
uni,9441,689,134.87,0,uni,,,
unless,26701,728,381.455,0,unless,,,
unmute,15606,701,222.944,0,unmute,,,
unmuted,3560,667,50.856,0,unmuted,,,
uno,4945,655,70.642,0,uno,,,
update,8482,706,121.17,0,update,UPDATE,NOUNS,NOUN.COMMUNICATION
updated,2339,616,33.413,0,updated,,,
updates,1862,543,26.599,0,updates,,,
upn,26013,729,371.626,0,upn,,,
upon,3774,692,53.913,0,upon,,,
ups,2490,634,35.571,0,ups,,,
ure,5263,525,75.184,0,ure,,,
urs,3938,686,56.256,0,urs,,,
urself,8260,714,117.999,0,urself,,,
usagi,24029,127,343.28,0,usagi,,,
username,14195,716,202.786,0,username,,,
users,5064,677,72.342,0,users,,,
uses,8623,718,123.185,0,uses,,,
ut,2555,661,36.499,0,ut,UT,NOUNS,NOUN.COMMUNICATION
utilities,2640,111,37.713,0,utilities,,,
uu,2280,587,32.571,0,uu,,,
uuu,2403,599,34.328,0,uuu,,,
uw,18908,715,270.118,0,uw,,,
uwu,46509,719,664.466,0,uwu,,,
uwun,10578,682,151.114,0,uwun,,,
val,4931,426,70.442,0,val,,,
valentine,6147,442,87.813,0,valentine,VALENTINE,NOUNS,NOUN.COMMUNICATION
valentines,3150,348,44.999,0,valentines,,,
valorant,6357,488,90.813,0,valorant,,,
vape,1700,510,24.285,0,vape,,,
vay,2470,61,35.285,0,vay,,,
vc,125772,729,1797.214,0.001,vc,,,
vcn,11222,711,160.314,0,vcn,,,
vcs,2630,624,37.571,0,vcs,,,
ven,1900,274,27.142,0,ven,,,
venti,2625,231,37.499,0,venti,,,
via,2417,587,34.528,0,via,,,
vibin,4343,572,62.042,0,vibin,,,
vibing,6257,602,89.384,0,vibing,,,
vic,3374,297,48.199,0,vic,,,
vid,7961,712,113.727,0,vid,,,
videon,1786,553,25.514,0,videon,,,
videos,9783,714,139.756,0,videos,,,
vids,3110,654,44.428,0,vids,,,
views,2268,600,32.399,0,views,,,
vin,2632,248,37.599,0,vin,,,
vinny,1983,97,28.328,0,vinny,,,
violets,1863,458,26.614,0,violets,,,
vivi,17929,142,256.132,0,vivi,,,
vlad,2351,138,33.585,0,vlad,,,
vn,4560,696,65.142,0,vn,,,
voicen,3683,614,52.613,0,voicen,,,
voices,2657,645,37.956,0,voices,,,
von,3722,326,53.17,0,von,,,
voted,3791,575,54.156,0,voted,,,
votes,2119,481,30.271,0,votes,,,
vpn,2009,566,28.699,0,vpn,,,
vr,2605,592,37.213,0,vr,,,
vs,8831,715,126.156,0,vs,,,
vu,1998,379,28.542,0,vu,,,
vv,1760,370,25.142,0,vv,,,
wack,3930,638,56.142,0,wack,,,
waffles,2062,528,29.456,0,waffles,,,
wah,3220,549,45.999,0,wah,,,
waht,3149,665,44.985,0,waht,,,
wai,1846,537,26.371,0,wai,,,
waifu,17340,677,247.717,0,waifu,,,
waifun,1710,430,24.428,0,waifun,,,
waifus,5973,512,85.327,0,waifus,,,
waitn,23495,724,335.651,0,waitn,,,
waitni,1673,569,23.899,0,waitni,,,
wakey,1770,261,25.285,0,wakey,,,
walked,3833,691,54.756,0,walked,,,
walks,2154,627,30.771,0,walks,,,
walls,2299,627,32.842,0,walls,,,
walmart,2173,572,31.042,0,walmart,,,
wana,2743,605,39.185,0,wana,,,
wanna,292759,734,4184.99,0.003,wanna,,,
wantn,4914,692,70.199,0,wantn,,,
wants,61022,729,871.841,0.001,wants,,,
wap,1975,353,28.214,0,wap,,,
warned,14779,714,211.13,0,warned,,,
warnings,8862,582,126.599,0,warnings,,,
warns,7520,545,107.427,0,warns,,,
wars,6137,701,87.67,0,wars,,,
warzone,2201,446,31.442,0,warzone,,,
wasnt,29324,726,418.93,0,wasnt,,,
wassup,14910,717,213.001,0,wassup,,,
wat,28375,725,405.372,0,wat,,,
watched,44163,730,630.946,0,watched,,,
watches,3524,695,50.342,0,watches,,,
watchn,2337,600,33.385,0,watchn,,,
watern,4235,668,60.499,0,watern,,,
watn,3042,595,43.456,0,watn,,,
wayn,5434,697,77.627,0,wayn,,,
wbu,28426,719,406.101,0,wbu,,,
wbun,2699,528,38.556,0,wbun,,,
wby,5740,643,81.999,0,wby,,,
wc,1847,291,26.385,0,wc,,,
wdym,34755,728,496.525,0,wdym,,,
wdymn,3243,640,46.328,0,wdymn,,,
weapons,1860,544,26.571,0,weapons,,,
website,6964,707,99.484,0,website,,,
weeb,24800,712,354.296,0,weeb,,,
weebn,2120,489,30.285,0,weebn,,,
weebs,8149,664,116.413,0,weebs,,,
weekn,3365,651,48.07,0,weekn,,,
weeks,15048,723,214.973,0,weeks,,,
weirdn,6575,708,93.927,0,weirdn,,,
wel,8500,640,121.427,0,wel,,,
welc,10878,476,155.399,0,welc,,,
welccy,2879,79,41.128,0,welccy,,,
welcoem,2341,416,33.442,0,welcoem,,,
welcom,3780,524,53.999,0,welcom,,,
welcomee,8309,505,118.699,0,welcomee,,,
welcomeee,8532,520,121.885,0,welcomeee,,,
welcomen,58483,692,835.56,0.001,welcomen,,,
welcomenwelcome,2972,441,42.456,0,welcomenwelcome,,,
welcomes,5613,507,80.184,0,welcomes,,,
welcy,3573,100,51.042,0,welcy,,,
welln,16180,722,231.145,0,welln,,,
welocme,2135,390,30.499,0,welocme,,,
welp,27395,726,391.371,0,welp,,,
welpn,2900,605,41.428,0,welpn,,,
wendy,3657,524,52.242,0,wendy,,,
went,51071,731,729.651,0,went,,,
werent,5795,707,82.784,0,werent,,,
weve,1623,571,23.185,0,weve,,,
wew,2193,463,31.328,0,wew,,,
wh,8906,710,127.227,0,wh,,,
wha,23347,721,333.537,0,wha,,,
whaaa,2513,584,35.899,0,whaaa,,,
whalecum,2582,298,36.885,0,whalecum,,,
whan,4964,657,70.913,0,whan,,,
whatcha,3056,611,43.656,0,whatcha,,,
whatchu,2197,561,31.385,0,whatchu,,,
whatd,1774,551,25.342,0,whatd,,,
whatn,34646,727,494.968,0,whatn,,,
whatni,1856,585,26.514,0,whatni,,,
whats,138709,731,1982.137,0.001,whats,,,
whenever,11778,725,168.257,0,whenever,,,
whenn,2916,631,41.656,0,whenn,,,
whens,2120,619,30.285,0,whens,,,
wheren,2314,633,33.056,0,wheren,,,
wheres,15313,719,218.759,0,wheres,,,
whether,3946,676,56.37,0,whether,,,
whilen,2437,629,34.813,0,whilen,,,
whoa,5035,677,71.927,0,whoa,,,
whoever,7749,715,110.699,0,whoever,,,
whois,9592,514,137.028,0,whois,,,
whon,5126,687,73.227,0,whon,,,
whoops,1910,574,27.285,0,whoops,,,
whos,39577,724,565.421,0,whos,,,
whose,4908,697,70.113,0,whose,,,
wht,4883,669,69.756,0,wht,,,
whut,1909,481,27.271,0,whut,,,
whyd,3333,668,47.613,0,whyd,,,
whyn,14944,717,213.487,0,whyn,,,
whys,2827,653,40.385,0,whys,,,
whyyy,2702,635,38.599,0,whyyy,,,
wierd,1613,552,23.042,0,wierd,,,
wifen,1921,524,27.442,0,wifen,,,
wii,3177,539,45.385,0,wii,,,
william,2955,353,42.213,0,william,,,
willn,3929,678,56.127,0,willn,,,
windows,7611,674,108.727,0,windows,,,
winn,2012,594,28.742,0,winn,,,
wins,3946,663,56.37,0,wins,,,
wishes,1984,600,28.342,0,wishes,,,
withn,2951,653,42.156,0,withn,,,
without,42870,729,612.472,0,without,,,
wk,1938,132,27.685,0,wk,,,
wlc,3163,256,45.185,0,wlc,,,
wn,25592,724,365.611,0,wn,,,
wno,3139,82,44.842,0,wno,,,
wo,7546,714,107.799,0,wo,,,
woa,2335,551,33.356,0,woa,,,
woah,38481,723,549.762,0,woah,,,
woahn,4840,689,69.142,0,woahn,,,
woke,25978,724,371.126,0,woke,,,
women,20434,720,291.92,0,women,,,
wong,2465,205,35.213,0,wong,,,
wooo,2211,628,31.585,0,wooo,,,
word,68595,727,980.056,0.001,word,WORD,NOUNS,NOUN.COMMUNICATION
wordn,5488,692,78.399,0,wordn,,,
words,26883,730,384.056,0,words,WORDS,NOUNS,NOUN.COMMUNICATION
wordsn,2231,606,31.871,0,wordsn,,,
worked,7563,716,108.042,0,worked,,,
workn,8524,716,121.77,0,workn,,,
worksn,1914,579,27.342,0,worksn,,,
worldn,3152,645,45.028,0,worldn,,,
worries,3925,658,56.07,0,worries,,,
wot,14897,712,212.815,0,wot,,,
wotn,2633,573,37.613,0,wotn,,,
would,229713,734,3283.267,0.002,would,,,
wouldnt,17828,725,254.689,0,wouldnt,,,
wouldve,2801,667,40.013,0,wouldve,,,
wow,103688,731,1481.57,0.001,wow,WOW,NOUNS,NOUN.COMMUNICATION
wown,11711,719,167.3,0,wown,,,
wrld,2004,491,28.628,0,wrld,,,
wrongn,5300,688,75.713,0,wrongn,,,
wrote,6350,714,90.713,0,wrote,,,
wsg,1889,229,26.985,0,wsg,,,
wsp,2004,384,28.628,0,wsp,,,
wt,2280,549,32.571,0,wt,,,
wtf,23595,725,337.08,0,wtf,,,
wtfn,6036,691,86.227,0,wtfn,,,
wth,10027,716,143.242,0,wth,,,
wut,25840,716,369.154,0,wut,,,
wutn,3218,613,45.97,0,wutn,,,
wuv,1704,417,24.342,0,wuv,,,
ww,3181,639,45.442,0,ww,,,
wyd,4267,675,60.956,0,wyd,,,
wym,12095,709,172.785,0,wym,,,
wymn,1639,491,23.414,0,wymn,,,
wyr,2423,199,34.613,0,wyr,,,
xav,1830,52,26.142,0,xav,,,
xbox,12085,709,172.643,0,xbox,,,
xd,20530,717,293.291,0,xd,,,
xdn,7360,642,105.142,0,xdn,,,
xiao,2338,289,33.399,0,xiao,,,
xn,7234,714,103.342,0,xn,,,
xo,1907,258,27.242,0,xo,,,
xp,11892,675,169.885,0,xp,,,
xyz,2066,303,29.514,0,xyz,,,
ya,102118,731,1459.131,0.001,ya,,,
yah,7337,694,104.813,0,yah,,,
yall,108649,729,1552.474,0.001,yall,,,
yalln,3174,622,45.342,0,yalln,,,
yalls,1910,542,27.285,0,yalls,,,
yan,5583,689,79.756,0,yan,,,
yandere,3801,508,54.299,0,yandere,,,
yaoi,4358,543,62.256,0,yaoi,,,
yare,2571,397,36.728,0,yare,,,
yas,2328,577,33.256,0,yas,,,
yato,4182,275,59.742,0,yato,,,
yay,33788,726,482.709,0,yay,YAY,NOUNS,NOUN.COMMUNICATION
yayn,3888,660,55.542,0,yayn,,,
yayyy,2467,603,35.242,0,yayyy,,,
ye,67827,728,969.081,0.001,ye,,,
yeahh,2180,604,31.142,0,yeahh,,,
yeahhh,2283,630,32.614,0,yeahhh,,,
yeahn,26567,727,379.541,0,yeahn,,,
yeahni,2265,606,32.356,0,yeahni,,,
yean,9112,710,130.17,0,yean,,,
yearsn,3509,665,50.128,0,yearsn,,,
yee,7633,704,109.042,0,yee,,,
yeee,5160,687,73.713,0,yeee,,,
yeet,16409,688,234.416,0,yeet,,,
yeeter,7486,98,106.942,0,yeeter,,,
yeetn,1676,451,23.942,0,yeetn,,,
yeh,11210,708,160.142,0,yeh,,,
yell,2849,656,40.699,0,yell,YELL,NOUNS,NOUN.COMMUNICATION
yep,26738,728,381.984,0,yep,,,
yepn,5125,689,73.213,0,yepn,,,
yer,1641,450,23.442,0,yer,,,
yes,542445,734,7758.75,0.005,yes,YES,NOUNS,NOUN.COMMUNICATION
yesh,7589,647,108.413,0,yesh,,,
yesn,65088,730,929.942,0.001,yesn,,,
yesni,4377,680,62.527,0,yesni,,,
yess,7732,712,110.456,0,yess,,,
yessir,5232,621,74.742,0,yessir,,,
yesss,10166,716,145.228,0,yesss,,,
yesssn,2101,573,30.014,0,yesssn,,,
yesterdayn,3541,665,50.585,0,yesterdayn,,,
yesyes,2128,484,30.399,0,yesyes,,,
yetn,6208,697,88.684,0,yetn,,,
yey,2374,585,33.913,0,yey,,,
yeye,2300,535,32.856,0,yeye,,,
yh,9412,674,134.456,0,yh,,,
yikes,12422,706,177.457,0,yikes,,,
yikesn,2278,524,32.542,0,yikesn,,,
yis,1880,394,26.856,0,yis,,,
yk,10618,664,151.685,0,yk,,,
yknow,4177,648,59.67,0,yknow,,,
yn,47764,726,682.398,0,yn,,,
yna,4507,122,64.385,0,yna,,,
yo,116358,730,1662.657,0.001,yo,,,
yoda,2501,462,35.728,0,yoda,,,
yoo,7164,705,102.342,0,yoo,,,
yoon,3289,398,46.985,0,yoon,,,
yooo,12797,721,182.814,0,yooo,,,
yooon,1688,541,24.114,0,yooon,,,
yoshi,2889,353,41.27,0,yoshi,,,
yoshikage,1711,245,24.442,0,yoshikage,,,
yoshino,23620,61,337.437,0,yoshino,,,
youd,4177,675,59.67,0,youd,,,
youll,9606,717,137.228,0,youll,,,
youn,58245,729,832.159,0.001,youn,,,
youngest,1870,593,26.714,0,youngest,,,
youni,1640,593,23.428,0,youni,,,
youre,56618,729,808.911,0.001,youre,,,
yourselfn,3083,622,44.042,0,yourselfn,,,
youtube,13070,719,186.714,0,youtube,,,
youtuber,3413,594,48.756,0,youtuber,,,
youu,2528,604,36.113,0,youu,,,
youuu,4369,660,62.413,0,youuu,,,
youve,7351,714,105.013,0,youve,,,
yrs,3602,673,51.456,0,yrs,,,
yt,9047,721,129.242,0,yt,,,
yu,5815,688,83.07,0,yu,,,
yua,2184,64,31.199,0,yua,,,
yuh,9459,708,135.128,0,yuh,,,
yui,56260,508,803.796,0.001,yui,,,
yuki,2993,350,42.756,0,yuki,,,
yum,4352,670,62.17,0,yum,,,
yuna,9384,159,134.056,0,yuna,,,
yup,17233,722,246.188,0,yup,,,
yupn,3098,633,44.256,0,yupn,,,
yuri,9322,607,133.17,0,yuri,,,
yus,6149,587,87.842,0,yus,,,
yush,1605,261,22.928,0,yush,,,
yuu,4648,300,66.399,0,yuu,,,
yuuki,2252,187,32.171,0,yuuki,,,
yw,4608,679,65.827,0,yw,,,
za,2323,526,33.185,0,za,,,
zach,3379,265,48.27,0,zach,,,
zak,2255,101,32.214,0,zak,,,
ze,2082,549,29.742,0,ze,,,
zee,2666,207,38.085,0,zee,ZEE,NOUNS,NOUN.COMMUNICATION
zelda,10475,435,149.642,0,zelda,,,
zoe,4206,346,60.085,0,zoe,,,
zombies,2199,566,31.414,0,zombies,,,
zozo,1983,56,28.328,0,zozo,,,
zt,2373,231,33.899,0,zt,,,
zzz,2460,486,35.142,0,zzz,,,
